codigo_curso;nombre_curso;seccion;evaluacion;nombre_docente;tipo;aula;dia;inicio;fin;vacantes;;
BEF01;ETICA Y FILOSOFIA POLITICA;U;D;CAMPANA AÑASCO, RILDO  ;P;S4-205;SA;9;11;42;;
BEF01;ETICA Y FILOSOFIA POLITICA;U;D;CAMPANA AÑASCO, RILDO  ;T;S4-205;SA;8;9;42;;
BEF01;ETICA Y FILOSOFIA POLITICA;V;D;CAMPANA AÑASCO, RILDO  ;P;S4-205;SA;13;15;42;;
BEF01;ETICA Y FILOSOFIA POLITICA;V;D;CAMPANA AÑASCO, RILDO  ;T;S4-205;SA;12;13;42;;
BEF01;ETICA Y FILOSOFIA POLITICA;W;D;AYALA FALCON, ELOY ELADIO;P;S4-209;VI;17;19;42;;
BEF01;ETICA Y FILOSOFIA POLITICA;W;D;AYALA FALCON, ELOY ELADIO;T;S4-209;VI;16;17;42;;
BEF01;ETICA Y FILOSOFIA POLITICA;X;D;AYALA FALCON, ELOY ELADIO;P;S4-202;VI;9;11;42;;
BEF01;ETICA Y FILOSOFIA POLITICA;X;D;AYALA FALCON, ELOY ELADIO;T;S4-202;VI;8;9;42;;
BEF01;ETICA Y FILOSOFIA POLITICA;Y;D;SANCHEZ HUARINGA, CARLOS  ;P;S4-205;JU;9;11;42;;
BEF01;ETICA Y FILOSOFIA POLITICA;Y;D;SANCHEZ HUARINGA, CARLOS  ;T;S4-205;JU;8;9;42;;
BEG01;ECONOMIA GENERAL;U;F;QUINTEROS CHAVEZ, SILVIO;P;S7-105;MI;12;14;20;;
BEG01;ECONOMIA GENERAL;U;F;QUINTEROS CHAVEZ, SILVIO;T;S7-105;MI;10;12;20;;
BEG01;ECONOMIA GENERAL;V;F;MIRANDA TORRES, CESAR AURELIO;P;S7-107;JU;10;12;43;;
BEG01;ECONOMIA GENERAL;V;F;MIRANDA TORRES, CESAR AURELIO;T;S7-107;MA;10;12;43;;
BEG01;ECONOMIA GENERAL;W;F;MONDRAGÓN HERNÁNDEZ, MARGARITA DELICIA;P;S7-106;MI;12;14;43;;
BEG01;ECONOMIA GENERAL;W;F;MONDRAGÓN HERNÁNDEZ, MARGARITA DELICIA;T;S7-106;MA;12;14;43;;
BEG01;ECONOMIA GENERAL;X;F;MIRANDA TORRES, CESAR AURELIO;P;S7-107;JU;14;16;43;;
BEG01;ECONOMIA GENERAL;X;F;MIRANDA TORRES, CESAR AURELIO;T;S7-107;MA;14;16;43;;
BEG01;ECONOMIA GENERAL;Y;F;PALACIOS SAMANIEGO, LEONCIO GABRIEL;P;S7-104;VI;16;18;43;;
BEG01;ECONOMIA GENERAL;Y;F;PALACIOS SAMANIEGO, LEONCIO GABRIEL;T;S7-104;MA;10;12;43;;
BFI01;FISICA I;A;F;HUALLPA GUTIERREZ, WALTER ANTONIO;LAB;LAB-FISI;MA;18;20;33;;
BFI01;FISICA I;A;F;TAIPE TORRES PATRICIA ;P;S4-209;MA;18;20;33;;
BFI01;FISICA I;A;F;HUALLPA GUTIERREZ, WALTER ANTONIO;T;S4-202;MA;10;12;33;;
BFI01;FISICA I;A;F;HUALLPA GUTIERREZ, WALTER ANTONIO;T;S4-216;MI;8;10;33;;
BFI01;FISICA I;U;F;VALDIVIA MENDOZA, HECTOR GIOVANNY;LAB;LAB-FISI;MI;16;18;33;;
BFI01;FISICA I;U;F;SAN BARTOLOME MONTERO, JAIME  ;P;S4-209;MI;16;18;33;;
BFI01;FISICA I;U;F;ROMERO AQUINO, JUAN CARLOS;T;S4-210;MA;14;16;33;;
BFI01;FISICA I;U;F;ROMERO AQUINO, JUAN CARLOS;T;S4-110;MI;8;10;33;;
BFI01;FISICA I;V;F;MOSQUERA MOLINA, MIGUEL ANGEL;LAB;LAB-FISI;MI;12;14;33;;
BFI01;FISICA I;V;F;HUALLPA GUTIERREZ, WALTER ANTONIO;P;S4-214;MI;12;14;33;;
BFI01;FISICA I;V;F;CAÑOTE FAJARDO, PERCY VICTOR;T;S4-209;LU;14;16;33;;
BFI01;FISICA I;V;F;CAÑOTE FAJARDO, PERCY VICTOR;T;S4-211;MA;14;16;33;;
BFI01;FISICA I;W;F;TAIPE TORRES PATRICIA ;LAB;LAB-FISI;LU;10;12;33;;
BFI01;FISICA I;W;F;PEÑA YALICO, VICENTE;P;S4-203;LU;10;12;33;;
BFI01;FISICA I;W;F;VALDIVIA MENDOZA, HECTOR GIOVANNY;T;S4-216;LU;16;18;33;;
BFI01;FISICA I;W;F;VALDIVIA MENDOZA, HECTOR GIOVANNY;T;S4-216;JU;14;16;33;;
BFI01;FISICA I;X;F;SAN BARTOLOME MONTERO, JAIME  ;LAB;LAB-FISI;MI;10;12;33;;
BFI01;FISICA I;X;F;PEÑA YALICO, VICENTE;P;S4-203;MI;10;12;33;;
BFI01;FISICA I;X;F;VALDIVIA MENDOZA, HECTOR GIOVANNY;T;S4-216;LU;14;16;33;;
BFI01;FISICA I;X;F;VALDIVIA MENDOZA, HECTOR GIOVANNY;T;S4-216;MI;14;16;33;;
BFI01;FISICA I;Y;F;VALDIVIA MENDOZA, HECTOR GIOVANNY;LAB;LAB-FISI;MA;16;18;33;;
BFI01;FISICA I;Y;F;TAIPE TORRES PATRICIA ;P;S4-216;MA;16;18;33;;
BFI01;FISICA I;Y;F;CAÑOTE FAJARDO, PERCY VICTOR;T;S4-211;LU;16;18;33;;
BFI01;FISICA I;Y;F;CAÑOTE FAJARDO, PERCY VICTOR;T;S4-212;MI;16;18;33;;
BFI01;FISICA I;Z;F;SALCEDO TORRES, JOAQUIN MAGNOT;LAB;LAB-FISI;LU;12;14;33;;
BFI01;FISICA I;Z;F;MOSQUERA MOLINA, MIGUEL ANGEL;P;S4-214;LU;12;14;33;;
BFI01;FISICA I;Z;F;MOSQUERA MOLINA, MIGUEL ANGEL;T;S4-206;MI;8;10;33;;
BFI01;FISICA I;Z;F;MOSQUERA MOLINA, MIGUEL ANGEL;T;S4-206;MI;10;12;33;;
BIC01;INTRODUCCION A LA COMPUTACION;A;F;NN;P;S1-229;SA;9;11;26;;
BIC01;INTRODUCCION A LA COMPUTACION;A;F;NN;T;S1-229;SA;8;9;26;;
BIC01;INTRODUCCION A LA COMPUTACION;Z;F;JANJACHI TORIBIO,  CARLOS ALBERTO;P;S1-226;SA;10;12;26;;
BIC01;INTRODUCCION A LA COMPUTACION;Z;F;JANJACHI TORIBIO,  CARLOS ALBERTO;T;S1-226;SA;9;10;26;;
BIC01;INTRODUCCIÓN A LA COMPUTACIÓN;U;F;HUAROTE ZEGARRA RAUL EDUARDO;P;LAB-O;SA;9;11;45;;
BIC01;INTRODUCCIÓN A LA COMPUTACIÓN;U;F;HUAROTE ZEGARRA RAUL EDUARDO;T;LAB-O;SA;8;9;45;;
BIC01;INTRODUCCIÓN A LA COMPUTACIÓN;V;F;TORRE CAMONES,  ANIVAL ALFREDO;P;S1-126;SA;9;11;32;; 
BIC01;INTRODUCCIÓN A LA COMPUTACIÓN;V;F;TORRE CAMONES,  ANIVAL ALFREDO;T;S1-126;SA;8;9;32;;
BIC01;INTRODUCCIÓN A LA COMPUTACIÓN;W;F;RODRÍGUEZ ULLOA,  RICARDO AURELIO;P;LAB-O;MA;9;11;45;;
BIC01;INTRODUCCIÓN A LA COMPUTACIÓN;W;F;RODRÍGUEZ ULLOA,  RICARDO AURELIO;T;LAB-O;MA;8;9;45;;
BIC01;INTRODUCCIÓN A LA COMPUTACIÓN;X;F;TORRE CAMONES,  ANIVAL ALFREDO;P;S1-124;MA;14;16;24;;
BIC01;INTRODUCCIÓN A LA COMPUTACIÓN;X;F;TORRE CAMONES,  ANIVAL ALFREDO;T;S1-124;MA;13;14;24;;
BIC01;INTRODUCCIÓN A LA COMPUTACIÓN;Y;F;NAVARRO NEYRA,  MIGUEL ANGEL;P;LAB-O;JU;12;14;45;;
BIC01;INTRODUCCIÓN A LA COMPUTACIÓN;Y;F;NAVARRO NEYRA,  MIGUEL ANGEL;T;LAB-O;JU;11;12;45;;
BMA01;CALCULO DIFERENCIAL;U;G;CUTIPA COAQUIRA, MIGUEL  ;P;S4-212;MI;12;14;37;;
BMA01;CALCULO DIFERENCIAL;U;G;ECHEANDIA CESPEDES, JAVIER FRANCISCO;T;S4-214;VI;12;14;37;;
BMA01;CALCULO DIFERENCIAL;U;G;ECHEANDIA CESPEDES, JAVIER FRANCISCO;T;S4-105;SA;8;10;37;;
BMA01;CALCULO DIFERENCIAL;V;G;VASQUEZ DOMINGUEZ, RIQUELMER APOLINARIO;P;S4-208;MI;12;14;42;;
BMA01;CALCULO DIFERENCIAL;V;G;VASQUEZ DOMINGUEZ, RIQUELMER APOLINARIO;T;S4-210;VI;8;10;42;;
BMA01;CALCULO DIFERENCIAL;V;G;VASQUEZ DOMINGUEZ, RIQUELMER APOLINARIO;T;S4-210;MI;16;18;42;;
BMA01;CALCULO DIFERENCIAL;W;G;HUAMAN SANCHEZ, ALEJANDRO APOLINARIO;P;S4-105;MI;12;14;42;;
BMA01;CALCULO DIFERENCIAL;W;G;HUAMAN SANCHEZ, ALEJANDRO APOLINARIO;T;S4-112;MA;8;10;42;;
BMA01;CALCULO DIFERENCIAL;W;G;HUAMAN SANCHEZ, ALEJANDRO APOLINARIO;T;S4-105;MI;8;10;42;;
BMA01;CALCULO DIFERENCIAL;X;G;BERMEO CARRASCO, OSMAR ARNALDO;P;S4-206;MI;12;14;42;;
BMA01;CALCULO DIFERENCIAL;X;G;BERMEO CARRASCO, OSMAR ARNALDO;T;S4-206;LU;8;10;42;;
BMA01;CALCULO DIFERENCIAL;X;G;BERMEO CARRASCO, OSMAR ARNALDO;T;S4-206;VI;8;10;42;;
BMA01;CALCULO DIFERENCIAL;Y;G;SALAZAR FLORES ELIZABETH;P;S4-216;MI;12;14;37;;
BMA01;CALCULO DIFERENCIAL;Y;G;CERNADES GOMEZ, JESUS;T;S4-214;LU;8;10;37;;
BMA01;CALCULO DIFERENCIAL;Y;G;CERNADES GOMEZ, JESUS;T;S4-214;JU;8;10;37;;
BMA01;CALCULO DIFERENCIAL;Z;G;NN;P;S4-202;MI;12;14;37;;
BMA01;CALCULO DIFERENCIAL;Z;G;ECHEANDIA CESPEDES, JAVIER FRANCISCO;T;S4-210;MA;16;18;37;;
BMA01;CALCULO DIFERENCIAL;Z;G;ECHEANDIA CESPEDES, JAVIER FRANCISCO;T;S4-205;VI;16;18;37;;
BMA02;CALCULO INTEGRAL;U;G;ARAMBULO OSTOS, CARLOS EDUARDO;P;S4-211;MI;10;12;39;;
BMA02;CALCULO INTEGRAL;U;G;ARAMBULO OSTOS, CARLOS EDUARDO;T;S4-211;MA;10;12;39;;
BMA02;CALCULO INTEGRAL;U;G;ARAMBULO OSTOS, CARLOS EDUARDO;T;S4-211;VI;10;12;39;;
BMA02;CALCULO INTEGRAL;V;G;CUTIPA COAQUIRA, MIGUEL  ;P;S4-208;MI;10;12;39;;
BMA02;CALCULO INTEGRAL;V;G;CUTIPA COAQUIRA, MIGUEL  ;T;S4-206;JU;12;14;39;;
BMA02;CALCULO INTEGRAL;V;G;CUTIPA COAQUIRA, MIGUEL  ;T;S4-208;LU;8;10;39;;
BMA02;CALCULO INTEGRAL;W;G;HUANCA SULLCA, VICTOR  ;P;S4-110;MI;10;12;39;;
BMA02;CALCULO INTEGRAL;W;G;HUANCA SULLCA, VICTOR  ;T;S4-212;LU;16;18;39;;
BMA02;CALCULO INTEGRAL;W;G;HUANCA SULLCA, VICTOR  ;T;S4-203;JU;16;18;39;;
BMA02;CALCULO INTEGRAL;X;G;BRONCANO TORRES, JUAN CARLOS;P;S4-214;MI;10;12;39;;
BMA02;CALCULO INTEGRAL;X;G;BRONCANO TORRES, JUAN CARLOS;T;S4-210;MA;8;10;39;;
BMA02;CALCULO INTEGRAL;X;G;BRONCANO TORRES, JUAN CARLOS;T;S4-216;VI;8;10;39;;
BMA02;CALCULO INTEGRAL;Y;G;HUANCA SULLCA, VICTOR  ;P;S4-210;JU;14;16;39;;
BMA02;CALCULO INTEGRAL;Y;G;;P;S4-209;MI;10;12;39;;
BMA02;CALCULO INTEGRAL;Y;G;HUANCA SULLCA, VICTOR  ;T;S4-214;MA;8;10;39;;
BMA02;CALCULO INTEGRAL;Y;G;HUANCA SULLCA, VICTOR  ;T;S4-211;LU;14;16;39;;
BMA03;ALGEBRA LINEAL;U;G;KALA BÉJAR, LOURDES CRISTINA;P;S4-110;JU;10;12;38;;
BMA03;ALGEBRA LINEAL;U;G;KALA BÉJAR, LOURDES CRISTINA;T;S4-110;MA;10;13;38;;
BMA03;ALGEBRA LINEAL;V;G;HUAMAN SANCHEZ, ALEJANDRO APOLINARIO;P;S4-212;JU;10;12;38;;
BMA03;ALGEBRA LINEAL;V;G;HUAMAN SANCHEZ, ALEJANDRO APOLINARIO;T;S4-205;MA;14;17;38;;
BMA03;ALGEBRA LINEAL;W;G;KALA BÉJAR, LOURDES CRISTINA;P;S4-110;VI;8;10;38;;
BMA03;ALGEBRA LINEAL;W;G;KALA BÉJAR, LOURDES CRISTINA;T;S4-110;LU;10;13;38;;
BMA03;ALGEBRA LINEAL;W;G;;P;S2-136;JU;10;12;38;;
BMA03;ALGEBRA LINEAL;X;G;CERNADES GOMEZ, JESUS;P;S4-206;JU;10;12;38;;
BMA03;ALGEBRA LINEAL;X;G;CERNADES GOMEZ, JESUS;T;S4-207;LU;10;13;38;;
BMA03;ALGEBRA LINEAL;Y;G;SINCHE CHOCCA, NILDO  ;P;S4-204;JU;10;12;38;;
BMA03;ALGEBRA LINEAL;Y;G;SINCHE CHOCCA, NILDO  ;T;S4-215;LU;15;18;38;;
BQU01;QUIMICA I;A;F;REYES ACOSTA, ROSARIO  ;LAB;LAB-QUIM;MI;10;12;32;;
BQU01;QUIMICA I;A;F;GOMEZ GALVEZ, SUSANA TERESA;P;S4-205;MI;10;12;32;;
BQU01;QUIMICA I;A;F;ALCANTARA MALCA, DANIEL ADOLFO;T;S4-214;LU;10;12;32;;
BQU01;QUIMICA I;A;F;ALCANTARA MALCA, DANIEL ADOLFO;T;S4-212;MA;14;16;32;;
BQU01;QUIMICA I;B;F;GOMEZ GALVEZ, SUSANA TERESA;LAB;LAB-QUIM;MI;8;10;32;;
BQU01;QUIMICA I;B;F;GOMEZ GALVEZ, SUSANA TERESA;P;S4-208;MI;8;10;32;;
BQU01;QUIMICA I;B;F;GOMEZ GALVEZ, SUSANA TERESA;T;S4-110;LU;8;10;32;;
BQU01;QUIMICA I;B;F;GOMEZ GALVEZ, SUSANA TERESA;T;S4-204;VI;8;10;32;;
BQU01;QUIMICA I;U;F;RONDINEL PINEDA, PETRA ELINE;LAB;LAB-QUIM;MA;14;16;32;;
BQU01;QUIMICA I;U;F;VALENZUELA GONZALEZ, ERIK OMAR;P;S4-206;MA;14;16;32;;
BQU01;QUIMICA I;U;F;ALCANTARA MALCA, DANIEL ADOLFO;T;S4-112;MI;10;12;32;;
BQU01;QUIMICA I;U;F;ALCANTARA MALCA, DANIEL ADOLFO;T;S4-203;JU;14;16;32;;
BQU01;QUIMICA I;V;F;ALCANTARA MALCA, DANIEL ADOLFO;LAB;LAB-QUIM;MA;16;18;35;;
BQU01;QUIMICA I;V;F;REYES ACOSTA, ROSARIO  ;P;S4-214;MA;16;18;35;;
BQU01;QUIMICA I;V;F;OSORIO MARUJO, BILMA ELIZABETH;T;S4-208;LU;10;12;35;;
BQU01;QUIMICA I;V;F;OSORIO MARUJO, BILMA ELIZABETH;T;S4-210;JU;10;12;35;;
BQU01;QUIMICA I;W;F;GOMEZ GALVEZ, SUSANA TERESA;LAB;LAB-QUIM;JU;15;17;32;;
BQU01;QUIMICA I;W;F;RONDINEL PINEDA, PETRA ELINE;P;S4-207;JU;15;17;32;;
BQU01;QUIMICA I;W;F;FUKUDA KAGAMI, NANCY ELENA;T;S4-203;MA;10;12;32;;
BQU01;QUIMICA I;W;F;FUKUDA KAGAMI, NANCY ELENA;T;S4-216;MA;14;16;32;;
BQU01;QUIMICA I;X;F;VALENZUELA GONZALEZ, ERIK OMAR;LAB;LAB-QUIM;LU;14;16;34;;
BQU01;QUIMICA I;X;F;RONDINEL PINEDA, PETRA ELINE;P;S4-112;LU;14;16;34;;
BQU01;QUIMICA I;X;F;CHAFLOQUE ELIAS, CARLOS ALBERTO;T;S4-201;LU;10;12;34;;
BQU01;QUIMICA I;X;F;CHAFLOQUE ELIAS, CARLOS ALBERTO;T;S4-105;MI;10;12;34;;
BQU01;QUIMICA I;Y;F;FUKUDA KAGAMI, NANCY ELENA;LAB;LAB-QUIM;LU;10;12;32;;
BQU01;QUIMICA I;Y;F;GOMEZ GALVEZ, SUSANA TERESA;P;S4-112;LU;10;12;32;;
BQU01;QUIMICA I;Y;F;REYES ACOSTA, ROSARIO  ;T;S4-206;MA;10;12;32;;
BQU01;QUIMICA I;Y;F;REYES ACOSTA, ROSARIO  ;T;S4-112;MA;14;16;32;;
BQU01;QUIMICA I;Z;F;RONDINEL PINEDA, PETRA ELINE;LAB;LAB-QUIM;JU;13;15;32;;
BQU01;QUIMICA I;Z;F;VALENZUELA GONZALEZ, ERIK OMAR;P;S4-201;JU;13;15;32;;
BQU01;QUIMICA I;Z;F;FUKUDA KAGAMI, NANCY ELENA;T;S4-112;MI;14;16;32;;
BQU01;QUIMICA I;Z;F;FUKUDA KAGAMI, NANCY ELENA;T;S4-203;JU;10;12;32;;
BRC01;REDACCION Y COMUNICACION;U;D;CHAVARRI ARCE, RAQUEL MARTHA;P;S4-109;MA;9;11;44;;
BRC01;REDACCION Y COMUNICACION;U;D;CHAVARRI ARCE, RAQUEL MARTHA;T;S4-109;MA;8;9;44;;
BRC01;REDACCION Y COMUNICACION;V;D;ACEVEDO RAYMUNDO, SAUL  ;P;S4-207;LU;14;16;44;;
BRC01;REDACCION Y COMUNICACION;V;D;ACEVEDO RAYMUNDO, SAUL  ;T;S4-207;LU;13;14;44;;
BRC01;REDACCION Y COMUNICACION;W;D;ACEVEDO RAYMUNDO, SAUL  ;P;S4-205;LU;10;12;44;;
BRC01;REDACCION Y COMUNICACION;W;D;ACEVEDO RAYMUNDO, SAUL  ;T;S4-205;LU;9;10;44;;
BRC01;REDACCION Y COMUNICACION;X;D;CHAVARRI ARCE, RAQUEL MARTHA;P;S4-109;JU;9;11;44;;
BRC01;REDACCION Y COMUNICACION;X;D;CHAVARRI ARCE, RAQUEL MARTHA;T;S4-109;JU;8;9;44;;
BRC01;REDACCION Y COMUNICACION;Y;D;CAMPANA AÑASCO, RILDO  ;P;S4-111;JU;9;11;44;;
BRC01;REDACCION Y COMUNICACION;Y;D;CAMPANA AÑASCO, RILDO  ;T;S4-111;JU;8;9;44;;
BRC01;REDACCION Y COMUNICACION;Z;D;CUROTTO CORNEJO, MARIA MERCEDES;P;S4-201;JU;16;18;44;;
BRC01;REDACCION Y COMUNICACION;Z;D;CUROTTO CORNEJO, MARIA MERCEDES;T;S4-201;JU;15;16;44;;
BRN01;REALIDAD NACIONAL, CONSTITUCION Y DERECHOS HUMANOS;U;D;HUERTA ORTEGA, JAVIER ARMANDO;P;S7-104;VI;12;14;37;;
BRN01;REALIDAD NACIONAL, CONSTITUCION Y DERECHOS HUMANOS;U;D;HUERTA ORTEGA, JAVIER ARMANDO;T;S7-104;VI;10;12;37;;
BRN01;REALIDAD NACIONAL, CONSTITUCION Y DERECHOS HUMANOS;V;D;MONDRAGÓN HERNÁNDEZ, MARGARITA DELICIA;P;S7-106;MI;16;18;37;;
BRN01;REALIDAD NACIONAL, CONSTITUCION Y DERECHOS HUMANOS;V;D;MONDRAGÓN HERNÁNDEZ, MARGARITA DELICIA;T;S7-106;MA;16;18;37;;
BRN01;REALIDAD NACIONAL, CONSTITUCION Y DERECHOS HUMANOS;W;D;MONDRAGÓN HERNÁNDEZ, MARGARITA DELICIA;P;S7-106;MI;8;10;37;;
BRN01;REALIDAD NACIONAL, CONSTITUCION Y DERECHOS HUMANOS;W;D;MONDRAGÓN HERNÁNDEZ, MARGARITA DELICIA;T;S7-106;MA;10;12;37;;
BRN01;REALIDAD NACIONAL, CONSTITUCION Y DERECHOS HUMANOS;X;D;LEÓN ZÁRATE, ANA MERCEDES;P;S7-105;JU;12;14;37;;
BRN01;REALIDAD NACIONAL, CONSTITUCION Y DERECHOS HUMANOS;X;D;LEÓN ZÁRATE, ANA MERCEDES;T;S7-105;JU;14;16;37;;
BRN01;REALIDAD NACIONAL, CONSTITUCION Y DERECHOS HUMANOS;Y;D;SANCHEZ HUARINGA, CARLOS  ;P;S7-105;MA;20;22;37;;
BRN01;REALIDAD NACIONAL, CONSTITUCION Y DERECHOS HUMANOS;Y;D;SANCHEZ HUARINGA, CARLOS  ;T;S7-105;MA;18;20;37;;
FB101;GEOMETRIA ANALITICA;A;G;BONIFACIO CASTRO, ALEXANDER ABEL;P;S4-210;VI;10;12;39;;
FB101;GEOMETRIA ANALITICA;A;G;BONIFACIO CASTRO, ALEXANDER ABEL;T;S4-203;MI;8;10;39;;
FB101;GEOMETRIA ANALITICA;B;G;NN;P;S4-201;VI;10;12;39;;
FB101;GEOMETRIA ANALITICA;B;G;NN;T;S4-204;MI;16;18;39;;
FB101;GEOMETRIA ANALITICA;U;G;ACOSTA DE LA CRUZ, PEDRO RAUL;P;S4-212;VI;10;12;39;;
FB101;GEOMETRIA ANALITICA;U;G;ACOSTA DE LA CRUZ, PEDRO RAUL;T;S4-212;MI;8;10;39;;
FB101;GEOMETRIA ANALITICA;V;G;VASQUEZ DOMINGUEZ, RIQUELMER APOLINARIO;P;S4-216;VI;10;12;39;;
FB101;GEOMETRIA ANALITICA;V;G;VASQUEZ DOMINGUEZ, RIQUELMER APOLINARIO;T;S4-216;MI;10;12;39;;
FB101;GEOMETRIA ANALITICA;W;G;ACOSTA DE LA CRUZ, PEDRO RAUL;P;S4-212;MI;10;12;39;;
FB101;GEOMETRIA ANALITICA;W;G;ACOSTA DE LA CRUZ, PEDRO RAUL;T;S4-212;LU;8;10;39;;
FB101;GEOMETRIA ANALITICA;W;G;;;S2-135;VI;10;12;39;;
FB101;GEOMETRIA ANALITICA;X;G;MONCADA CAJAVILCA, VICTOR JOSÉ;P;S4-206;VI;10;12;39;;
FB101;GEOMETRIA ANALITICA;X;G;VASQUEZ DOMINGUEZ, RIQUELMER APOLINARIO;T;S4-110;LU;14;16;39;;
FB101;GEOMETRIA ANALITICA;Y;G;BONIFACIO CASTRO, ALEXANDER ABEL;P;S4-212;VI;8;10;39;;
FB101;GEOMETRIA ANALITICA;Y;G;BONIFACIO CASTRO, ALEXANDER ABEL;T;S4-206;LU;10;12;39;;
FB101;GEOMETRIA ANALITICA;Y;G;;;S2-136;VI;10;12;39;;
FB101;GEOMETRIA ANALITICA;Z;G;ECHEANDIA CESPEDES, JAVIER FRANCISCO;T;S4-205;MI;8;10;39;;
FB101;GEOMETRIA ANALITICA;Z;G;KALA BÉJAR, LOURDES CRISTINA;T;S4-110;VI;10;12;39;;
FB202;QUIMICA II;U;F;FUKUDA KAGAMI, NANCY ELENA;LAB;LAB-QUIM;LU;12;14;32;;
FB202;QUIMICA II;U;F;LESCANO AVILA, LUIS ALBERTO;P;S4-112;LU;12;14;32;;
FB202;QUIMICA II;U;F;LESCANO AVILA, LUIS ALBERTO;T;S4-216;JU;16;19;32;;
FB202;QUIMICA II;V;F;GOMEZ GALVEZ, SUSANA TERESA;LAB;LAB-QUIM;MI;12;14;32;;
FB202;QUIMICA II;V;F;LESCANO AVILA, LUIS ALBERTO;P;S4-210;MI;12;14;32;;
FB202;QUIMICA II;V;F;ALCANTARA MALCA, DANIEL ADOLFO;T;S4-208;LU;13;16;32;;
FB202;QUIMICA II;W;F;GOMEZ GALVEZ, SUSANA TERESA;LAB;LAB-QUIM;MI;14;16;32;;
FB202;QUIMICA II;W;F;LESCANO AVILA, LUIS ALBERTO;P;S4-206;MI;14;16;32;;
FB202;QUIMICA II;W;F;CHAFLOQUE ELIAS, CARLOS ALBERTO;T;S4-216;JU;8;11;32;;
FB301;MATEMATICA DISCRETA;U;G;BENITES YARLEQUÉ, JOSÉ VALERIO;P;S4-203;LU;8;10;39;;
FB301;MATEMATICA DISCRETA;U;G;BENITES YARLEQUÉ, JOSÉ VALERIO;T;S4-110;JU;8;10;39;;
FB301;MATEMATICA DISCRETA;V;G;TOCTO INGA, PAUL MILLER;P;S4-201;LU;8;10;39;;
FB301;MATEMATICA DISCRETA;V;G;TOCTO INGA, PAUL MILLER;T;S4-112;MA;10;12;39;;
FB301;MATEMATICA DISCRETA;W;G;BENITES YARLEQUÉ, JOSÉ VALERIO;P;S4-216;VI;16;18;39;;
FB301;MATEMATICA DISCRETA;W;G;;P;S4-210;LU;8;10;39;;
FB301;MATEMATICA DISCRETA;W;G;BENITES YARLEQUÉ, JOSÉ VALERIO;T;S4-203;MA;8;10;39;;
FB301;MATEMATICA DISCRETA;X;G;BONIFACIO CASTRO, ALEXANDER ABEL;P;S4-211;LU;8;10;39;;
FB301;MATEMATICA DISCRETA;X;G;BONIFACIO CASTRO, ALEXANDER ABEL;T;S4-202;MI;10;12;39;;
FB301;MATEMATICA DISCRETA;Y;G;TOCTO INGA, PAUL MILLER;P;S4-210;JU;8;10;39;;
FB301;MATEMATICA DISCRETA;Y;G;;P;S4-202;LU;8;10;39;;
FB301;MATEMATICA DISCRETA;Y;G;TOCTO INGA, PAUL MILLER;T;S4-210;LU;10;12;39;;
FB303;CALCULO MULTIVARIABLE;U;G;ALVARADO RODRÍGUEZ, JOSÉ LUIS;P;S4-110;VI;14;16;36;;
FB303;CALCULO MULTIVARIABLE;U;G;ALVARADO RODRÍGUEZ, JOSÉ LUIS;T;S4-111;SA;8;10;36;;
FB303;CALCULO MULTIVARIABLE;U;G;ALVARADO RODRÍGUEZ, JOSÉ LUIS;T;S4-111;SA;10;12;36;;
FB303;CALCULO MULTIVARIABLE;V;G;ECHEANDIA CESPEDES, JAVIER FRANCISCO;P;S4-112;VI;14;16;36;;
FB303;CALCULO MULTIVARIABLE;V;G;ECHEANDIA CESPEDES, JAVIER FRANCISCO;T;S4-105;SA;10;12;36;;
FB303;CALCULO MULTIVARIABLE;V;G;ECHEANDIA CESPEDES, JAVIER FRANCISCO;T;S4-211;VI ;8;10;36;;
FB303;CALCULO MULTIVARIABLE;W;G;CHUNG CHING, RICARDO ALEJANDRO;P;S4-203;VI;14;16;36;;
FB303;CALCULO MULTIVARIABLE;W;G;ALVARADO RODRÍGUEZ, JOSÉ LUIS;T;S4-110;VI;16;18;36;;
FB303;CALCULO MULTIVARIABLE;W;G;ALVARADO RODRÍGUEZ, JOSÉ LUIS;T;S4-111;SA;12;14;36;;
FB303;CALCULO MULTIVARIABLE;X;G;BERMEO CARRASCO, OSMAR ARNALDO;P;S4-216;VI;14;16;36;;
FB303;CALCULO MULTIVARIABLE;X;G;BERMEO CARRASCO, OSMAR ARNALDO;T;S4-209;LU;10;12;36;;
FB303;CALCULO MULTIVARIABLE;X;G;BERMEO CARRASCO, OSMAR ARNALDO;T;S4-207;VI;10;12;36;;
FB303;CALCULO MULTIVARIABLE;Y;G;HERRERA VEGA, HECTOR ALEXIS;P;S4-205;VI;14;16;36;;
FB303;CALCULO MULTIVARIABLE;Y;G;HERRERA VEGA, HECTOR ALEXIS;T;S4-214;MA;10;12;36;;
FB303;CALCULO MULTIVARIABLE;Y;G;HERRERA VEGA, HECTOR ALEXIS;T;S4-211;JU;8;10;36;;
FB303;CALCULO MULTIVARIABLE;Z;G;SALAZAR FLORES ELIZABETH;P;S4-214;VI;14;16;36;;
FB303;CALCULO MULTIVARIABLE;Z;G;SALAZAR FLORES ELIZABETH;T;S4-211;MA;16;18;36;;
FB303;CALCULO MULTIVARIABLE;Z;G;SALAZAR FLORES ELIZABETH;T;S4-205;JU;14;16;36;;
FB305;ESTADISTICA Y PROBABILIDADES;U;G;SEGURA GARCÍA, YOLANDA ADRIANA;P;S4-210;SA;8;10;37;;
FB305;ESTADISTICA Y PROBABILIDADES;U;G;SEGURA GARCÍA, YOLANDA ADRIANA;T;S4-210;VI;16;18;37;;
FB305;ESTADISTICA Y PROBABILIDADES;V;G;CERNA VALDEZ, YARKO ALVARO;P;S4-208;JU;8;10;37;;
FB305;ESTADISTICA Y PROBABILIDADES;V;G;CERNA VALDEZ, YARKO ALVARO;T;S4-208;MA;8;10;37;;
FB305;ESTADISTICA Y PROBABILIDADES;W;G;SEGURA GARCÍA, YOLANDA ADRIANA;P;S4-211;SA;10;12;37;;
FB305;ESTADISTICA Y PROBABILIDADES;W;G;SEGURA GARCÍA, YOLANDA ADRIANA;T;S4-207;VI;18;20;37;;
FB305;ESTADISTICA Y PROBABILIDADES;X;G;CERNA VALDEZ, YARKO ALVARO;P;S4-208;JU;10;12;37;;
FB305;ESTADISTICA Y PROBABILIDADES;X;G;CERNA VALDEZ, YARKO ALVARO;T;S4-208;VI;8;10;37;;
FB305;ESTADISTICA Y PROBABILIDADES;Y;G;CUTIPA COAQUIRA, MIGUEL  ;P;S4-206;JU;8;10;37;;
FB305;ESTADISTICA Y PROBABILIDADES;Y;G;CUTIPA COAQUIRA, MIGUEL  ;T;S4-211;LU;10;12;37;;
FB305;ESTADISTICA Y PROBABILIDADES;Z;G;CUTIPA COAQUIRA, MIGUEL  ;P;S4-112;JU;10;12;37;;
FB305;ESTADISTICA Y PROBABILIDADES;Z;G;CUTIPA COAQUIRA, MIGUEL  ;T;S4-202;MI;8;10;37;;
FB401;FISICA II;A;G;SAN BARTOLOME MONTERO, JAIME  ;LAB;LAB-FISI;JU;18;20;33;;
FB401;FISICA II;A;G;SANCHEZ SOVERO LUIS FRANCSICO ;P;S4-207;JU;18;20;33;;
FB401;FISICA II;A;G;SAN BARTOLOME MONTERO, JAIME  ;T;S4-207;MI;18;20;33;;
FB401;FISICA II;A;G;SAN BARTOLOME MONTERO, JAIME  ;T;S4-205;JU;16;18;33;;
FB401;FISICA II;U;G;PEÑA YALICO, VICENTE;LAB;LAB-FISI;JU;12;14;33;;
FB401;FISICA II;U;G;SAN BARTOLOME MONTERO, JAIME  ;P;S4-214;JU;12;14;33;;
FB401;FISICA II;U;G;SALCEDO TORRES, JOAQUIN MAGNOT;T;S4-207;MA;14;16;33;;
FB401;FISICA II;U;G;SALCEDO TORRES, JOAQUIN MAGNOT;T;S4-214;JU;14;16;33;;
FB401;FISICA II;V;G;TAIPE TORRES PATRICIA ;LAB;LAB-FISI;JU;16;18;33;;
FB401;FISICA II;V;G;SALCEDO TORRES, JOAQUIN MAGNOT;P;S4-214;JU;16;18;33;;
FB401;FISICA II;V;G;CAÑOTE FAJARDO, PERCY VICTOR;T;S4-207;MA;16;18;33;;
FB401;FISICA II;V;G;CAÑOTE FAJARDO, PERCY VICTOR;T;S4-211;VI;14;16;33;;
FB401;FISICA II;W;G;PEÑA YALICO, VICENTE;LAB;LAB-FISI;JU;10;12;33;;
FB401;FISICA II;W;G;SALCEDO TORRES, JOAQUIN MAGNOT;P;S4-214;JU;10;12;33;;
FB401;FISICA II;W;G;ROMERO AQUINO, JUAN CARLOS;T;S4-202;LU;14;16;33;;
FB401;FISICA II;W;G;ROMERO AQUINO, JUAN CARLOS;T;S4-202;MI;14;16;33;;
FB401;FISICA II;X;G;SALCEDO TORRES, JOAQUIN MAGNOT;LAB;LAB-FISI;LU;16;18;33;;
FB401;FISICA II;X;G;MOSQUERA MOLINA, MIGUEL ANGEL;P;S4-214;LU;16;18;33;;
FB401;FISICA II;X;G;PEÑA YALICO, VICENTE;T;S4-112;LU;8;10;33;;
FB401;FISICA II;X;G;PEÑA YALICO, VICENTE;T;S4-112;MI;8;10;33;;
FB401;FISICA II;Y;G;HUALLPA GUTIERREZ, WALTER ANTONIO;LAB;LAB-FISI;LU;14;16;33;;
FB401;FISICA II;Y;G;MOSQUERA MOLINA, MIGUEL ANGEL;P;S4-210;LU;14;16;33;;
FB401;FISICA II;Y;G;SAN BARTOLOME MONTERO, JAIME  ;T;S4-201;JU ;10;12;33;;
FB401;FISICA II;Y;G;SAN BARTOLOME MONTERO, JAIME  ;T;S4-214;VI;18;20;33;;
FB401;FISICA II;Z;G;SANCHEZ SOVERO LUIS FRANCSICO ;LAB;LAB-FISI;MA;14;16;33;;
FB401;FISICA II;Z;G;HUALLPA GUTIERREZ, WALTER ANTONIO;P;S4-214;MA;14;16;33;;
FB401;FISICA II;Z;G;SANCHEZ SOVERO LUIS FRANCSICO ;T;S4-111;MA;16;18;33;;
FB401;FISICA II;Z;G;SANCHEZ SOVERO LUIS FRANCSICO ;T;S4-110;MI;14;16;33;;
FB402;CALCULO NUMERICO;U;G;SOTOMAYOR ARAMBURU, FERNANDO FORTUNATO;P;S4-110;SA;8;10;43;;
FB402;CALCULO NUMERICO;U;G;SOTOMAYOR ARAMBURU, FERNANDO FORTUNATO;T;S4-111;VI ;8;10;43;;
FB402;CALCULO NUMERICO;V;G;HUALLPA GUTIERREZ, WALTER ANTONIO;P;S4-208;SA;8;10;43;;
FB402;CALCULO NUMERICO;V;G;HUALLPA GUTIERREZ, WALTER ANTONIO;T;S4-208;SA;10;12;43;;
FB403;ECUACIONES DIFERENCIALES;U;G;ARAMBULO OSTOS, CARLOS EDUARDO;P;S4-211;VI;12;14;37;;
FB403;ECUACIONES DIFERENCIALES;U;G;ARAMBULO OSTOS, CARLOS EDUARDO;T;S4-211;MA;8;10;37;;
FB403;ECUACIONES DIFERENCIALES;U;G;ARAMBULO OSTOS, CARLOS EDUARDO;T;S4-211;MI;8;10;37;;
FB403;ECUACIONES DIFERENCIALES;V;G;BRONCANO TORRES, JUAN CARLOS;P;S4-216;VI;12;14;37;;
FB403;ECUACIONES DIFERENCIALES;V;G;BRONCANO TORRES, JUAN CARLOS;T;S4-210;MI;8;10;37;;
FB403;ECUACIONES DIFERENCIALES;V;G;BRONCANO TORRES, JUAN CARLOS;T;S4-210;MA;10;12;37;;
FB403;ECUACIONES DIFERENCIALES;W;G;CHUNG CHING, RICARDO ALEJANDRO;P;S4-209;VI;12;14;37;;
FB403;ECUACIONES DIFERENCIALES;W;G;CHUNG CHING, RICARDO ALEJANDRO;T;S4-111;LU;10;12;37;;
FB403;ECUACIONES DIFERENCIALES;W;G;CHUNG CHING, RICARDO ALEJANDRO;T;S4-202;JU;8;10;37;;
FB403;ECUACIONES DIFERENCIALES;X;G;SALAZAR FLORES ELIZABETH;P;S4-203;VI;12;14;37;;
FB403;ECUACIONES DIFERENCIALES;X;G;CHUNG CHING, RICARDO ALEJANDRO;T;S4-105;LU;18;20;37;;
FB403;ECUACIONES DIFERENCIALES;X;G;CHUNG CHING, RICARDO ALEJANDRO;T;S4-201;MI;18;20;37;;
FB403;ECUACIONES DIFERENCIALES;Y;G;HUANCA SULLCA, VICTOR  ;P;S4-105;VI;12;14;37;;
FB403;ECUACIONES DIFERENCIALES;Y;G;HUANCA SULLCA, VICTOR  ;T;S4-214;MI;14;16;37;;
FB403;ECUACIONES DIFERENCIALES;Y;G;HUANCA SULLCA, VICTOR  ;T;S4-211;JU;10;12;37;;
FB405;ESTADISTICA APLICADA;U;G;SEGURA GARCÍA, YOLANDA ADRIANA;P;S4-105;SA;12;14;36;;
FB405;ESTADISTICA APLICADA;U;G;SEGURA GARCÍA, YOLANDA ADRIANA;T;S4-105;VI;20;22;36;;
FB405;ESTADISTICA APLICADA;V;G;CERNA VALDEZ, YARKO ALVARO;P;S4-208;MA;10;12;36;;
FB405;ESTADISTICA APLICADA;V;G;CERNA VALDEZ, YARKO ALVARO;T;S4-208;VI;10;12;36;;
FB405;ESTADISTICA APLICADA;W;G;CERNA VALDEZ, YARKO ALVARO;P;S4-206;VI;14;16;36;;
FB405;ESTADISTICA APLICADA;W;G;CERNA VALDEZ, YARKO ALVARO;T;S4-202;MA;14;16;36;;
FB405;ESTADISTICA APLICADA;X;G;UBEDA BACA,GERARDO JOSE;P;S4-204;MA;10;12;36;;
FB405;ESTADISTICA APLICADA;X;G;UBEDA BACA,GERARDO JOSE;T;S4-204;VI;10;12;36;;
FB501;MATEMATICA APLICADA;U;G;CUEVA HUANUCO, EDDIE DANNY;P;S4-110;MA;8;10;45;;
FB501;MATEMATICA APLICADA;U;G;CUEVA HUANUCO, EDDIE DANNY;T;S1-327/S4-211;SA;8;10;45;;
FB501;MATEMATICA APLICADA;V;G;SALAZAR FLORES ELIZABETH;P;S4-202;MA;8;10;45;;
FB501;MATEMATICA APLICADA;V;G;SALAZAR FLORES ELIZABETH;T;S1-229/S4-207;VI;8;10;45;;
GE003;TALLER DE PROYECTO DE INVESTIGACIÓN;U;D;EGÚZQUIZA FIGUEROA, MARÍA ENERINA;P;S4-202;LU;16;18;25;;
GE003;TALLER DE PROYECTO DE INVESTIGACIÓN;U;D;EGÚZQUIZA FIGUEROA, MARÍA ENERINA;P;S4-202;MI;16;18;25;;
GE003;TALLER DE PROYECTO DE INVESTIGACIÓN;V;D;CAICEDO BUSTAMANTE, VICTOR ANTONIO;P;S4-110;LU;18;20;25;;
GE003;TALLER DE PROYECTO DE INVESTIGACIÓN;V;D;CAICEDO BUSTAMANTE, VICTOR ANTONIO;P;S4-110;MI;18;20;25;;
GE003;TALLER DE PROYECTO DE INVESTIGACIÓN;W;D;VALDIVIA CAMACHO, GLORIA  ESTHER;P;S4-109;MI;18;20;25;;
GE003;TALLER DE PROYECTO DE INVESTIGACIÓN;W;D;VALDIVIA CAMACHO, GLORIA  ESTHER;P;S4-111;VI;16;18;25;;
GE004;TALLER DE INVESTIGACIÓN;U;D;LAU CARRILLO, CARMEN IVONNE;P;S1-224;LU;18;20;13;;
GE004;TALLER DE INVESTIGACIÓN;U;D;LAU CARRILLO, CARMEN IVONNE;P;S1-224;LU;16;18;13;;
GE004;TALLER DE INVESTIGACIÓN;V;D;ROJAS MENDOZA, DORIS FANNY;P;S1-329;MA;16;18;13;;
GE004;TALLER DE INVESTIGACIÓN;V;D;ROJAS MENDOZA, DORIS FANNY;P;S1-329;MA;18;20;13;;
GE004;TALLER DE INVESTIGACIÓN;W;D;LLANCCE MONDRAGON, LUISA  ;P;S4-112;MA;18;20;13;;
GE004;TALLER DE INVESTIGACIÓN;W;D;LLANCCE MONDRAGON, LUISA  ;P;S4-112;MA;20;22;13;;
GE004;TALLER DE INVESTIGACIÓN;X;D;HUAMANI HUAMANI, GLORIA TERESITA;P;S1-329;LU;20;22;13;;
GE004;TALLER DE INVESTIGACIÓN;X;D;HUAMANI HUAMANI, GLORIA TERESITA;P;S1-329;MI;20;22;13;;
GE004;TALLER DE INVESTIGACIÓN;Y;D;PONCE SÁNCHEZ, CARLOS FIDEL;P;S1-329;JU;18;20;13;;
GE004;TALLER DE INVESTIGACIÓN;Y;D;PONCE SÁNCHEZ, CARLOS FIDEL;P;S1-329;JU;20;22;13;;
GE101;INTRODUCCION A LA INGENIERIA INDUSTRIAL;U;F;VILLANUEVA HERRERA, JOSÉ ALBERTO;P;S4-105;MA;12;14;40;;
GE101;INTRODUCCION A LA INGENIERIA INDUSTRIAL;U;F;VILLANUEVA HERRERA, JOSÉ ALBERTO;T;S4-105;LU;12;14;40;;
GE101;INTRODUCCION A LA INGENIERIA INDUSTRIAL;V;F;MORILLO ROJAS, DANIEL  ;P;S4-110;JU;16;18;40;;
GE101;INTRODUCCION A LA INGENIERIA INDUSTRIAL;V;F;MORILLO ROJAS, DANIEL  ;T;S4-105;MA;16;18;40;;
GE112;TEORIA DE JUEGOS Y LA NEGOCIACION;U;G;PUCCIO QUEVEDO, BRUNO JUAN;P;S4-203;SA;10;12;45;;
GE112;TEORIA DE JUEGOS Y LA NEGOCIACION;U;G;PUCCIO QUEVEDO, BRUNO JUAN;T;S4-203;SA;8;10;45;;
GE113;TALLER DE CONSULTORIA DE EMPRESAS;U;D;OLIVERA PAYANO, RICARDO RICARDO;P;S1-227;JU;20;22;21;;
GE113;TALLER DE CONSULTORIA DE EMPRESAS;U;D;OLIVERA PAYANO, RICARDO RICARDO;T;S1-227;JU;18;20;21;;
GE122;SISTEMA DE COSTOS;U;F;LEYTON DIAZ, VICTOR ADOLFO;P;S4-202;VI;20;22;40;;
GE122;SISTEMA DE COSTOS;U;F;LEYTON DIAZ, VICTOR ADOLFO;T;S4-202;VI;18;20;40;;
GE124;COMERCIO INTERNACIONAL;U;F;VILLANUEVA HERRERA, JOSÉ ALBERTO;P;S1-227;MA;16;18;21;;
GE124;COMERCIO INTERNACIONAL;U;F;VILLANUEVA HERRERA, JOSÉ ALBERTO;T;S1-227;LU;16;18;21;;
GE128;DIAGNOSTICO DE EMPRESAS;U;F;PONCE SÁNCHEZ, CARLOS FIDEL;P;S4-204;LU;18;20;30;;
GE128;DIAGNOSTICO DE EMPRESAS;U;F;PONCE SÁNCHEZ, CARLOS FIDEL;T;S4-204;LU;16;18;30;;
GE501;TEORIA ORGANIZACIONAL;U;F;ROJAS MENDOZA, DORIS FANNY;P;S4-109;MA;14;16;47;;
GE501;TEORIA ORGANIZACIONAL;U;F;ROJAS MENDOZA, DORIS FANNY;T;S4-109;LU;14;16;47;;
GE501;TEORIA ORGANIZACIONAL;V;F;RIZABAL FLORES, ELIANA CECILIA;P;S4-216;MA;20;22;47;;
GE501;TEORIA ORGANIZACIONAL;V;F;RIZABAL FLORES, ELIANA CECILIA;T;S4-216;MA;18;20;47;;
GE502;INGENIERIA DEL TRABAJO I;U;F;EGÚZQUIZA FIGUEROA, MARÍA ENERINA;P;S4-202;JU;10;12;37;;
GE502;INGENIERIA DEL TRABAJO I;U;F;EGÚZQUIZA FIGUEROA, MARÍA ENERINA;T;S4-202;LU;10;12;37;;
GE502;INGENIERIA DEL TRABAJO I;V;F;REVILLA LOAYZA, REYNA ROSARIO;P;S4-109;JU;14;16;37;;
GE502;INGENIERIA DEL TRABAJO I;V;F;REVILLA LOAYZA, REYNA ROSARIO;T;S4-109;JU;12;14;37;;
GE602;CONTABILIDAD FINANCIERA;U;F;LEYTON DIAZ, VICTOR ADOLFO;P;S4-203;VI;16;18;30;;
GE602;CONTABILIDAD FINANCIERA;U;F;LEYTON DIAZ, VICTOR ADOLFO;T;S4-111;JU;16;18;30;;
GE602;CONTABILIDAD FINANCIERA;V;F;FALCONI VASQUEZ, RODOLFO ELÍAS;P;S4-112;JU;16;18;30;;
GE602;CONTABILIDAD FINANCIERA;V;F;FALCONI VASQUEZ, RODOLFO ELÍAS;T;S4-112;MA;16;18;30;;
GE602;CONTABILIDAD FINANCIERA;W;F;LEÓN ZÁRATE, ANA MERCEDES;P;S4-105;JU;8;10;30;;
GE602;CONTABILIDAD FINANCIERA;W;F;LEÓN ZÁRATE, ANA MERCEDES;T;S4-105;JU;10;12;30;;
GE603;INGENIERIA DEL TRABAJO II;U;F;TORRES CORTEZ, JULIO LORENZO;P;S4-111;SA;16;18;45;;
GE603;INGENIERIA DEL TRABAJO II;U;F;TORRES CORTEZ, JULIO LORENZO;T;S4-111;SA;14;16;45;;
GE603;INGENIERIA DEL TRABAJO II;V;F;DELZO ESTEBAN, CESAR ENRIQUE;P;S4-105;LU;16;18;45;;
GE603;INGENIERIA DEL TRABAJO II;V;F;DELZO ESTEBAN, CESAR ENRIQUE;T;S4-105;LU;14;16;45;;
GE604;ADMINISTRACION Y ORGANIZACION;U;F;LLANCCE MONDRAGON, LUISA  ;T;S4-205;LU;14;16;35;;
GE604;ADMINISTRACION Y ORGANIZACION;U;F;LLANCCE MONDRAGON, LUISA  ;P;S4-205;MI;14;16;35;;
GE604;ADMINISTRACION Y ORGANIZACION;V;F;MORILLO ROJAS, DANIEL  ;P;S4-112;JU;18;20;35;;
GE604;ADMINISTRACION Y ORGANIZACION;V;F;MORILLO ROJAS, DANIEL  ;T;S4-105;MI;18;20;35;;
GE604;ADMINISTRACION Y ORGANIZACION;W;F;QUINTEROS CHAVEZ, SILVIO;P;S7-105;MA;14;16;20;;
GE604;ADMINISTRACION Y ORGANIZACION;W;F;QUINTEROS CHAVEZ, SILVIO;T;S7-105;MA;12;14;20;;
GE605;SISTEMA Y GESTION FINANCIERA;U;F;ORIA CHAVARRIA, WILLIAM  ;P;S4-216;MI;16;18;42;;
GE605;SISTEMA Y GESTION FINANCIERA;U;F;ORIA CHAVARRIA, WILLIAM  ;T;S4-210;LU;16;18;42;;
GE605;SISTEMA Y GESTION FINANCIERA;V;F;VALLE SANTOS, JOHN CLERK;P;S4-202;MA;20;22;42;;
GE605;SISTEMA Y GESTION FINANCIERA;V;F;VALLE SANTOS, JOHN CLERK;T;S4-202;MA;18;20;42;;
GE701;LOGISTICA EMPRESARIAL;U;F;HUAMANI HUAMANI, GLORIA TERESITA;P;S4-208;MI;16;18;36;;
GE701;LOGISTICA EMPRESARIAL;U;F;HUAMANI HUAMANI, GLORIA TERESITA;T;S4-208;LU;16;18;36;;
GE701;LOGISTICA EMPRESARIAL;V;F;ZAMORA YANSI RICHARD ISMAEL;P;S4-201;MI;16;18;36;;
GE701;LOGISTICA EMPRESARIAL;V;F;ZAMORA YANSI RICHARD ISMAEL;T;S4-201;MI;14;16;36;;
GE702;INGENIERIA ECONOMICA;U;F;OLIVERA PAYANO, RICARDO ;P;S4-109;MA;20;22;40;;
GE702;INGENIERIA ECONOMICA;U;F;MIRANDA TORRES, CESAR AURELIO;T;S4-109;MA;18;20;40;;
GE702;INGENIERIA ECONOMICA;V;F;OLIVERA PAYANO, RICARDO ;P;S4-110;MA;18;20;40;;
GE702;INGENIERIA ECONOMICA;V;F;MIRANDA TORRES, CESAR AURELIO;T;S4-105;LU;20;22;40;;
GE703;SISTEMAS INTEGRADOS EMPRESARIALES;U;F;ESPINOZA ESPINOZA, JOSE ALFREDO;P;S4-201;LU;20;22;27;;
GE703;SISTEMAS INTEGRADOS EMPRESARIALES;U;F;ESPINOZA ESPINOZA, JOSE ALFREDO;T;S4-201;LU;18;20;27;;
GE703;SISTEMAS INTEGRADOS EMPRESARIALES;V;F;ESPINOZA ESPINOZA, JOSE ALFREDO;P;S4-201;MA;20;22;27;;
GE703;SISTEMAS INTEGRADOS EMPRESARIALES;V;F;ESPINOZA ESPINOZA, JOSE ALFREDO;T;S4-201;MA;18;20;27;;
GE704;CONTABILIDAD DE COSTOS Y PRESUPUESTOS;U;F;FALCONI VASQUEZ, RODOLFO ELÍAS;P;S4-112;VI;16;18;31;;
GE704;CONTABILIDAD DE COSTOS Y PRESUPUESTOS;U;F;FALCONI VASQUEZ, RODOLFO ELÍAS;T;S4-207;LU;16;18;31;;
GE704;CONTABILIDAD DE COSTOS Y PRESUPUESTOS;V;F;LEYTON DIAZ, VICTOR ADOLFO;P;S4-110;JU;20;22;31;;
GE704;CONTABILIDAD DE COSTOS Y PRESUPUESTOS;V;F;LEYTON DIAZ, VICTOR ADOLFO;T;S4-110;JU;18;20;31;;
GE704;CONTABILIDAD DE COSTOS Y PRESUPUESTOS;W;F;ORIA CHAVARRIA, WILLIAM  ;P;S4-202;MI;18;20;31;;
GE704;CONTABILIDAD DE COSTOS Y PRESUPUESTOS;W;F;ORIA CHAVARRIA, WILLIAM  ;T;S4-202;LU;18;20;31;;
GE709;SISTEMAS DE CALIDAD;U;F;CALIZAYA NEYRA, PERCY ANGEL;P;S4-203;MA;20;22;27;;
GE709;SISTEMAS DE CALIDAD;U;F;CALIZAYA NEYRA, PERCY ANGEL;T;S4-203;MA;18;20;27;;
GE709;SISTEMAS DE CALIDAD;V;F;IBAÑEZ SALAZAR, VICTOR MANUEL;P;S4-110;SA;16;18;27;;
GE709;SISTEMAS DE CALIDAD;V;F;IBAÑEZ SALAZAR, VICTOR MANUEL;T;S4-110;SA;14;16;27;;
GE801;PLANEAMIENTO Y GESTION ESTRATEGICA;U;F;ZARATE OTAROLA, LEONIDAS BENITO;P;S4-112;MI;16;18;40;;
GE801;PLANEAMIENTO Y GESTION ESTRATEGICA;U;F;ZARATE OTAROLA, LEONIDAS BENITO;T;S4-112;LU;16;18;40;;
GE801;PLANEAMIENTO Y GESTION ESTRATEGICA;V;F;LLANCCE MONDRAGON, LUISA  ;P;S4-205;MI;16;18;40;;
GE801;PLANEAMIENTO Y GESTION ESTRATEGICA;V;F;LLANCCE MONDRAGON, LUISA  ;T;S4-205;LU;16;18;40;;
GE801;PLANEAMIENTO Y GESTION ESTRATEGICA;W;F;QUINTEROS CHAVEZ, SILVIO;P;S7-106;SA;12;14;20;;
GE801;PLANEAMIENTO Y GESTION ESTRATEGICA;W;F;QUINTEROS CHAVEZ, SILVIO;T;S7-106;SA;10;12;20;;
GE802;GESTION DE LA CADENA DE SUMINISTRO;U;F;ZARATE OTAROLA, LEONIDAS BENITO;P;S4-112;MI;18;20;40;;
GE802;GESTION DE LA CADENA DE SUMINISTRO;U;F;ZARATE OTAROLA, LEONIDAS BENITO;T;S4-112;LU;18;20;40;;
GE802;GESTION DE LA CADENA DE SUMINISTRO;V;F;ESPINOZA ESPINOZA, JOSE ALFREDO;P;S4-214;MI;20;22;40;;
GE802;GESTION DE LA CADENA DE SUMINISTRO;V;F;ESPINOZA ESPINOZA, JOSE ALFREDO;T;S4-214;MI;18;20;40;;
GE803;SISTEMAS ANALITICOS;U;D;ORIA CHAVARRIA, WILLIAM  ;P;S4-205;JU;18;20;30;;
GE803;SISTEMAS ANALITICOS;U;D;ORIA CHAVARRIA, WILLIAM  ;P;S4-205;JU;20;22;30;;
GE803;SISTEMAS ANALITICOS;V;D;ZAMORA YANSI RICHARD ISMAEL;P;S4-202;SA;8;10;30;;
GE803;SISTEMAS ANALITICOS;V;D;ZAMORA YANSI RICHARD ISMAEL;P;S4-202;SA;10;12;30;;
GE805;MERCADOTECNIA;U;F;ESPINOZA ESPINOZA, JOSE ALFREDO;P;S4-214;JU;20;22;42;;
GE805;MERCADOTECNIA;U;F;ESPINOZA ESPINOZA, JOSE ALFREDO;T;S4-214;JU;18;20;42;;
GE805;MERCADOTECNIA;V;F;MALPARTIDA GUTIERREZ JORGE NELSON;P;S4-111;MA;20;22;42;;
GE805;MERCADOTECNIA;V;F;MALPARTIDA GUTIERREZ JORGE NELSON;T;S4-111;MA;18;20;42;;
GE901;INNOVACION Y EMPRENDIMIENTO DE NEGOCIOS;U;F;PONCE SÁNCHEZ, CARLOS FIDEL;P;S4-208;MA;18;20;30;;
GE901;INNOVACION Y EMPRENDIMIENTO DE NEGOCIOS;U;F;PONCE SÁNCHEZ, CARLOS FIDEL;T;S4-208;MA;16;18;30;;
GE901;INNOVACION Y EMPRENDIMIENTO DE NEGOCIOS;V;F;VILLANUEVA HERRERA, JOSÉ ALBERTO;P;S4-211;MI;16;18;30;;
GE901;INNOVACION Y EMPRENDIMIENTO DE NEGOCIOS;V;F;VILLANUEVA HERRERA, JOSÉ ALBERTO;T;S4-211;MA;18;20;30;;
GE902;DISEÑO Y EVALUACION DE PROYECTOS;U;F;FLORES CISNEROS, ERNESTO ROBINSON;P;S4-206;VI;16;18;37;;
GE902;DISEÑO Y EVALUACION DE PROYECTOS;U;F;FLORES CISNEROS, ERNESTO ROBINSON;T;S4-206;MI;16;18;37;;
GE902;DISEÑO Y EVALUACION DE PROYECTOS;V;F;LINARES VALENCIA, JOSE ANTONIO;P;S4-214;VI;16;18;37;;
GE902;DISEÑO Y EVALUACION DE PROYECTOS;V;F;LINARES VALENCIA, JOSE ANTONIO;T;S4-210;JU;16;18;37;;
GE902;DISEÑO Y EVALUACION DE PROYECTOS;W;F;TRIGO PÉREZ, CARLOS ALFREDO;P;S1-129;MI;10;12;37;;
GE902;DISEÑO Y EVALUACION DE PROYECTOS;W;F;TRIGO PÉREZ, CARLOS ALFREDO;T;S1-129;MI;8;10;37;;
GE903;GESTION DEL TALENTO HUMANO;U;F;CAICEDO BUSTAMANTE, VICTOR ANTONIO;P;S4-105;MI;16;18;20;;
GE903;GESTION DEL TALENTO HUMANO;U;F;CAICEDO BUSTAMANTE, VICTOR ANTONIO;T;S4-110;LU;16;18;20;;
GE903;GESTION DEL TALENTO HUMANO;V;F;MORILLO ROJAS, DANIEL  ;P;S4-111;JU;20;22;20;;
GE903;GESTION DEL TALENTO HUMANO;V;F;MORILLO ROJAS, DANIEL  ;T;S4-105;MA;20;22;20;;
GE905;PLANEAMIENTO Y CONTROL DE OPERACIONES;U;F;VALLE SANTOS, JOHN CLERK;P;S1-229;JU;16;18;26;;
GE905;PLANEAMIENTO Y CONTROL DE OPERACIONES;U;F;VALLE SANTOS, JOHN CLERK;T;S1-229;JU;18;20;26;;
GE905;PLANEAMIENTO Y CONTROL DE OPERACIONES;V;F;LEYVA EUSEBIO, JOSE ALBERTO;P;S1-126;VI;20;22;32;;
GE905;PLANEAMIENTO Y CONTROL DE OPERACIONES;V;F;LEYVA EUSEBIO, JOSE ALBERTO;T;S1-126;MA;20;22;32;;
GE906;GESTION FINANCIERA;U;F;FLORES CISNEROS, ERNESTO ROBINSON;P;S4-206;MA;16;18;30;;
GE906;GESTION FINANCIERA;U;F;FLORES CISNEROS, ERNESTO ROBINSON;T;S4-206;JU;16;18;30;;
GE906;GESTION FINANCIERA;V;F;ZAMORA MONTERO, WALTER FERNANDO;P;S4-214;MA;20;22;30;;
GE906;GESTION FINANCIERA;V;F;ZAMORA MONTERO, WALTER FERNANDO;T;S4-214;MA;18;20;30;;
GE906;GESTION FINANCIERA;W;F;LINARES VALENCIA, JOSE ANTONIO;P;S4-203;LU;18;20;30;;
GE906;GESTION FINANCIERA;W;F;LINARES VALENCIA, JOSE ANTONIO;T;S4-203; LU;16;18;30;;
HU102;DESARROLLO PERSONAL;U;D;CHAVARRI ARCE, RAQUEL MARTHA;P;S4-109;LU;8;12;45;;
HU102;DESARROLLO PERSONAL;V;D;CAMPANA AÑASCO, RILDO  ;P;S4-205;VI;8;12;45;;
HU102;DESARROLLO PERSONAL;W;D;HIROMOTO HIROMOTO, FELIPE TSUTOMU;P;S4-202;VI;14;18;45;;
HU102;DESARROLLO PERSONAL;X;D;ROJAS MENDOZA, DORIS FANNY;P;S4-109;VI;16;20;45;;
HU102;DESARROLLO PERSONAL;Y;D;GOMEZ ESPINOZA, LUISA VIVIANA;P;S4-216;MA;8;12;45;;
HU102;DESARROLLO PERSONAL;Z;D;GOMEZ ESPINOZA, LUISA VIVIANA;P;S4-109;VI;8;12;45;;
HU111;LEGISLACION EMPRESARIAL Y TRIBUTARIA;U;B;HUERTA ORTEGA, JAVIER ARMANDO;T;S7-104;MA;14;16;40;;
HU111;LEGISLACION EMPRESARIAL Y TRIBUTARIA;V;B;HUERTA ORTEGA, JAVIER ARMANDO;T;S7-104;MI;16;18;40;;
HU111;LEGISLACION EMPRESARIAL Y TRIBUTARIA;W;B;FISFALEN HUERTA, MARIO HEINRICH;T;S7-105;VI;12;14;40;;
HU112;COMPORTAMIENTO ORGANIZACIONAL;U;D;VALDIVIA CAMACHO, GLORIA  ESTHER;P;S4-111;LU;17;19;36;;
HU112;COMPORTAMIENTO ORGANIZACIONAL;U;D;VALDIVIA CAMACHO, GLORIA  ESTHER;T;S4-111;LU;16;17;36;;
HU201;SOCIOLOGIA;U;B;CHAVARRI ARCE, RAQUEL MARTHA;T;S4-105;MA;14;16;40;;
HU201;SOCIOLOGIA;V;B;SANCHEZ HUARINGA, CARLOS  ;T;S4-208;VI;14;16;40;;
HU301;METODOLOGIA DE LA INVESTIGACION;U;D;KRAJNIK STULIN, FRANCO LUCIANO;P;S4-105;JU;12;14;31;;
HU301;METODOLOGIA DE LA INVESTIGACION;U;D;KRAJNIK STULIN, FRANCO LUCIANO;T;S4-216;LU;10;12;31;;
HU301;METODOLOGIA DE LA INVESTIGACION;V;D;FLORES CISNEROS, ERNESTO ROBINSON;P;S4-207;JU;10;12;31;;
HU301;METODOLOGIA DE LA INVESTIGACION;V;D;FLORES CISNEROS, ERNESTO ROBINSON;T;S4-207;VI;12;14;31;;
HU301;METODOLOGIA DE LA INVESTIGACION;W;D;LESCANO AVILA, LUIS ALBERTO;P;S4-105;JU;14;16;31;;
HU301;METODOLOGIA DE LA INVESTIGACION;W;D;LESCANO AVILA, LUIS ALBERTO;T;S4-214;LU;14;16;31;;
HU301;METODOLOGIA DE LA INVESTIGACION;X;D;HUAMANI HUAMANI, GLORIA TERESITA;P;S4-202;JU;14;16;31;;
HU301;METODOLOGIA DE LA INVESTIGACION;X;D;HUAMANI HUAMANI, GLORIA TERESITA;T;S4-201;MA;14;16;31;;
HU301;METODOLOGIA DE LA INVESTIGACION;Y;D;FALCONI VASQUEZ, RODOLFO ELÍAS;P;S4-105;VI;18;20;31;;
HU301;METODOLOGIA DE LA INVESTIGACION;Y;D;FALCONI VASQUEZ, RODOLFO ELÍAS;T;S4-109;JU;18;20;31;;
HU501;TALLER DE EFECTIVIDAD PERSONAL ;U;D;HIROMOTO HIROMOTO, FELIPE TSUTOMU;P;S4-214;VI;10;12;40;;
HU501;TALLER DE EFECTIVIDAD PERSONAL ;U;D;HIROMOTO HIROMOTO, FELIPE TSUTOMU;T;S4-214;VI;8;10;40;;
IA001;INTRODUCCIÓN A LA INGENIERÍA ARTIFICIAL;U;G;OPORTO DIAZ,  SAMUEL ALONSO;P;S1-129;LU;9;11;30;;
IA001;INTRODUCCIÓN A LA INGENIERÍA ARTIFICIAL;U;G;OPORTO DIAZ,  SAMUEL ALONSO;T;S1-129;LU;8;9;30;;
SI036;TALLER DE INVESTIGACION;U;D;TOCTO INGA PAUL MILLER  ;P;S1-224;MA;18;22;10;;
SI036;TALLER DE INVESTIGACION;V;D;UN JAN LIAU HING,  EMILIO ALBERTO;P;S1-329;VI;18;22;10;;
SI036;TALLER DE INVESTIGACION;W;D;ARADIEL CASTAÑEDA,  HILARIO;P;S1-224;VI;18;22;10;;
SI036;TALLER DE INVESTIGACION;X;D;RODRIGUEZ RAFAEL,  GLEN DARIO;P;S4-204;MA;18;22;10;;
SI055;GESTION DE PROYECTOS;U;D;CANCHANO CARO,  JAVIER TOLENTINO;P;S4-208;MI;20;22;23;;
SI055;GESTION DE PROYECTOS;U;D;CANCHANO CARO,  JAVIER TOLENTINO;P;S4-208;MI;18;20;23;;
SI055;GESTION DE PROYECTOS;V;D;GUZMAN YANGATO,  JORGE FERNANDO;P;S4-209;MI;18;20;23;;
SI055;GESTION DE PROYECTOS;V;D;GUZMAN YANGATO,  JORGE FERNANDO;P;S4-209;MI;20;22;23;;
SI075;AUDITORIA DE SISTEMAS;U;F;ARTEAGA CORTEZ,  HUMBERTO URBANO;P;S7-105;SA;16;18;25;;
SI075;AUDITORIA DE SISTEMAS;U;F;ARTEAGA CORTEZ,  HUMBERTO URBANO;T;S7-105;SA;14;16;25;;
SI075;AUDITORIA DE SISTEMAS;V;F;LINAREZ COLOMA,  HUMBERTO VICTOR;P;S7-105;SA;12;14;24;;
SI075;AUDITORIA DE SISTEMAS;V;F;LINAREZ COLOMA,  HUMBERTO VICTOR;T;S7-105;LU;20;22;24;;
SI077;INTELIGENCIA ARTIFICIAL;U;G;AUDANTE RAMOS,  NESTOR RAFAEL;P;S1-229;SA;14;16;26;;
SI077;INTELIGENCIA ARTIFICIAL;U;G;AUDANTE RAMOS,  NESTOR RAFAEL;T;S1-229;JU;20;22;26;;
SI085;APLICACION DE NEGOCIOS ELECTRONICOS;U;F;LINAREZ COLOMA,  HUMBERTO VICTOR;P;S4-213;SA;10;12;24;;
SI085;APLICACION DE NEGOCIOS ELECTRONICOS;U;F;LINAREZ COLOMA,  HUMBERTO VICTOR;T;S4-109;SA;8;10;24;;
SI085;APLICACION DE NEGOCIOS ELECTRONICOS;V;F;RAMOS MORENO,  JAIME IGNACIO;P;S4-216;LU;20;22;24;;
SI085;APLICACION DE NEGOCIOS ELECTRONICOS;V;F;RAMOS MORENO,  JAIME IGNACIO;T;S4-216;LU;18;20;24;;
SI095;INGENIERIA EMPRESARIAL;U;D;LLANOS PANDURO,  JORGE DANIEL;P;S2-140;MA;18;20;21;;
SI095;INGENIERIA EMPRESARIAL;U;D;LLANOS PANDURO,  JORGE DANIEL;T;S2-140;LU;18;20;21;;
SI095;INGENIERIA EMPRESARIAL;V;D;MELGAREJO SOLIS,  RONALD ALFONSO;P;S4-203;JU;20;22;21;;
SI095;INGENIERIA EMPRESARIAL;V;D;MELGAREJO SOLIS,  RONALD ALFONSO;T;S4-203;JU;18;20;21;;
SI101;INTRODUCCION AL PENSAMIENTO Y A LA INGENIERIA DE SISTEMAS;U;F;GUZMAN YANGATO,  JORGE FERNANDO;P;S4-205;MA;10;12;45;;
SI101;INTRODUCCION AL PENSAMIENTO Y A LA INGENIERIA DE SISTEMAS;U;F;GUZMAN YANGATO,  JORGE FERNANDO;T;S4-205;MA;8;10;45;;
SI101;INTRODUCCION AL PENSAMIENTO Y A LA INGENIERIA DE SISTEMAS;V;F;SALAS CORDERO,  ROCIO GUADALUPE;P;S4-111;MA;10;12;45;;
SI101;INTRODUCCION AL PENSAMIENTO Y A LA INGENIERIA DE SISTEMAS;V;F;SALAS CORDERO,  ROCIO GUADALUPE;T;S4-111;MA;8;10;45;;
SI111;TEORIA DE DECISIONES;U;F;LUJÁN CAMPOS,  LUIS ALBERTO;P;S1-126;VI;18;20;26;;
SI111;TEORIA DE DECISIONES;U;F;LUJÁN CAMPOS,  LUIS ALBERTO;T;S1-226;LU;18;20;26;;
SI114;BASE DE DATOS;U;F;SANCHEZ ESPINOZA,  JAVIER CONCEPCIÓN;P;S1-227;MI;20;22;21;;
SI114;BASE DE DATOS;U;F;SANCHEZ ESPINOZA,  JAVIER CONCEPCIÓN;T;S1-227;LU;20;22;21;;
SI130;GESTION DE LA INFORMACION;U;F;GUZMAN YANGATO,  JORGE FERNANDO;P;S4-203;MI;16;18;40;;
SI130;GESTION DE LA INFORMACION;U;F;GUZMAN YANGATO,  JORGE FERNANDO;T;S4-203;MA;16;18;40;;
SI150;ANALITICA DE DATOS;U;F;ARADIEL CASTAÑEDA,  HILARIO;P;S1-124;MA;20;22;23;;
SI150;ANALITICA DE DATOS;U;F;ARADIEL CASTAÑEDA,  HILARIO;T;S1-124;MA;18;20;23;;
SI150;ANALITICA DE DATOS;V;F;OPORTO DIAZ,  SAMUEL ALONSO;P;S1-229;MA;18;20;26;;
SI150;ANALITICA DE DATOS;V;F;OPORTO DIAZ,  SAMUEL ALONSO;T;S1-229;MA;20;22;26;;
SI155;CIBERSEGURIDAD;U;F;BORJA ROSALES,  RUBÉN ARTURO;P;S1-126;MA;14;16;32;;
SI155;CIBERSEGURIDAD;U;F;BORJA ROSALES,  RUBÉN ARTURO;T;LAB-O;JU;16;18;32;;
SI201;PSICOLOGIA SISTEMICA;U;G;OCROSPOMA PELLA,  MARIA PATRICIA ;P;S4-112;VI;8;10;34;;
SI201;PSICOLOGIA SISTEMICA;U;G;OCROSPOMA PELLA,  MARIA PATRICIA ;T;S4-112;VI;10;12;34;;
SI201;PSICOLOGIA SISTEMICA;V;G;OCROSPOMA PELLA,  MARIA PATRICIA;P;AUDIOV;SA;10;12;34;;
SI201;PSICOLOGIA SISTEMICA;V;G;OCROSPOMA PELLA,  MARIA PATRICIA;T;AUDIOV;SA;8;10;34;;
SI203;TEORIA Y CIENCIA DE SISTEMAS;U;F;CANCHANO CARO,  JAVIER TOLENTINO;P;S4-202;JU;20;22;38;;
SI203;TEORIA Y CIENCIA DE SISTEMAS;U;F;CANCHANO CARO,  JAVIER TOLENTINO;T;S4-202;JU;18;20;38;;
SI203;TEORIA Y CIENCIA DE SISTEMAS;V;F;LLANOS PANDURO,  JORGE DANIEL;P;S2-140;MA;16;18;38;;
SI203;TEORIA Y CIENCIA DE SISTEMAS;V;F;LLANOS PANDURO,  JORGE DANIEL;T;S2-140;LU;16;18;38;;
SI204;TEORIA GENERAL DE SISTEMAS;U;F;FISFALEN HUERTA,  MARIO HEINRICH;T;S4-207;MI;8;10;30;;
SI204;TEORIA GENERAL DE SISTEMAS;V;F;ANTAURCO TRUJILLO,  JESÚS WALTER;T;S4-205;LU;18;20;30;;
SI204;TEORIA GENERAL DE SISTEMAS;W;F;LUJÁN CAMPOS,  LUIS ALBERTO;T;S4-111;VI;14;16;30;;
SI205;ALGORITMIA Y ESTRUCTURA DE DATOS;U;F;SOTELO VILLENA,  JUAN CARLOS;P;S1-229;MA;8;10;26;;
SI205;ALGORITMIA Y ESTRUCTURA DE DATOS;U;F;SOTELO VILLENA,  JUAN CARLOS;T;S1-229;MI;14;16;26;;
SI205;ALGORITMIA Y ESTRUCTURA DE DATOS;V;F;ACOSTA DE LA CRUZ,  PEDRO RAUL;P;S1-129;MA;8;10;39;;
SI205;ALGORITMIA Y ESTRUCTURA DE DATOS;V;F;ACOSTA DE LA CRUZ,  PEDRO RAUL;T;S1-129;VI;8;10;39;;
SI205;ALGORITMIA Y ESTRUCTURA DE DATOS;W;F;COSSA CABANILLAS,  JESUS ALBERTO;P;S1-126;MA;10;12;32;;
SI205;ALGORITMIA Y ESTRUCTURA DE DATOS;W;F;COSSA CABANILLAS,  JESUS ALBERTO;T;S1-126;MA;8;10;32;;
SI205;ALGORITMIA Y ESTRUCTURA DE DATOS;X;F;COSSA CABANILLAS,  JESUS ALBERTO;P;S1-229;JU;10;12;26;;
SI205;ALGORITMIA Y ESTRUCTURA DE DATOS;X;F;COSSA CABANILLAS,  JESUS ALBERTO;T;S1-229;JU;8;10;26;;
SI205;ALGORITMIA Y ESTRUCTURA DE DATOS;Y;F;TORRE CAMONES,  ANIVAL ALFREDO;P;S1-226;MA;10;12;26;;
SI205;ALGORITMIA Y ESTRUCTURA DE DATOS;Y;F;TORRE CAMONES,  ANIVAL ALFREDO;T;S1-226;MA;8;10;26;;
SI207;SISTEMAS BIOLOGICOS Y ECOLOGICOS;U;G;OBANDO CHAVEZ,  PAMELA MARUJA;P;S4-109;VI;13;15;42;;
SI207;SISTEMAS BIOLOGICOS Y ECOLOGICOS;U;G;OBANDO CHAVEZ,  PAMELA MARUJA;T;S4-109;VI;12;13;42;;
SI207;SISTEMAS BIOLOGICOS Y ECOLOGICOS;V;G;OBANDO CHAVEZ,  PAMELA MARUJA;P;AUDIOV;VI;16;18;42;;
SI207;SISTEMAS BIOLOGICOS Y ECOLOGICOS;V;G;OBANDO CHAVEZ,  PAMELA MARUJA;T;AUDIOV;VI;15;16;42;;
SI301;TEORIA Y CIENCIA DE SISTEMAS APLICADA;U;G;FISFALEN HUERTA,  MARIO HEINRICH;P;S4-207;MI;11;13;42;;
SI301;TEORIA Y CIENCIA DE SISTEMAS APLICADA;U;G;FISFALEN HUERTA,  MARIO HEINRICH;T;S4-207;MI;10;11;42;;
SI301;TEORIA Y CIENCIA DE SISTEMAS APLICADA;V;G;SALAS CORDERO,  ROCIO GUADALUPE;P;S4-105;VI;16;18;42;;
SI301;TEORIA Y CIENCIA DE SISTEMAS APLICADA;V;G;SALAS CORDERO,  ROCIO GUADALUPE;T;S4-105;VI;15;16;42;;
SI302;PROGRAMACION ORIENTADA A OBJETOS;U;F;LÓPEZ VILLANUEVA,  PABLO EDWIN;P;S1-124;MA;9;13;23;;
SI302;PROGRAMACION ORIENTADA A OBJETOS;U;F;LÓPEZ VILLANUEVA,  PABLO EDWIN;T;S1-124;MA;8;9;23;;
SI302;PROGRAMACION ORIENTADA A OBJETOS;V;F;CORONEL CASTILLO,  ERIC GUSTAVO;P;LAB-O;VI;9;13;45;;
SI302;PROGRAMACION ORIENTADA A OBJETOS;V;F;CORONEL CASTILLO,  ERIC GUSTAVO;T;LAB-O;VI;8;9;45;;
SI302;PROGRAMACION ORIENTADA A OBJETOS;W;F;LÓPEZ VILLANUEVA,  PABLO EDWIN;P;S1-226;JU;9;13;26;;
SI302;PROGRAMACION ORIENTADA A OBJETOS;W;F;LÓPEZ VILLANUEVA,  PABLO EDWIN;T;S1-226;JU;8;9;26;;
SI401;LENGUAJE DE PROGRAMACION;U;F;CORDOVA NERI,  TEODORO LUCIANO;P;S1-226;VI;8;10;26;;
SI401;LENGUAJE DE PROGRAMACION;U;F;CORDOVA NERI,  TEODORO LUCIANO;T;S1-226;LU;8;10;26;;
SI401;LENGUAJE DE PROGRAMACION;V;F;CORONEL CASTILLO,  ERIC GUSTAVO;P;S1-226;LU;12;14;26;;
SI401;LENGUAJE DE PROGRAMACION;V;F;CORONEL CASTILLO,  ERIC GUSTAVO;T;S1-226;LU;10;12;26;;
SI401;LENGUAJE DE PROGRAMACION;W;F;CORDOVA NERI,  TEODORO LUCIANO;P;S1-229;VI;10;12;26;;
SI401;LENGUAJE DE PROGRAMACION;W;F;CORDOVA NERI,  TEODORO LUCIANO;T;S1-229;LU;10;12;26;;
SI403;METODOLOGIA DE LOS SISTEMAS BLANDOS;U;G;FISFALEN HUERTA,  MARIO HEINRICH;P;S4-209;VI;10;12;38;;
SI403;METODOLOGIA DE LOS SISTEMAS BLANDOS;U;G;FISFALEN HUERTA,  MARIO HEINRICH;T;S4-209;VI;8;10;38;;
SI403;METODOLOGIA DE LOS SISTEMAS BLANDOS;V;G;SALAS COZ,  ERWIN ERASMO;P;S4-112;SA;10;12;38;;
SI403;METODOLOGIA DE LOS SISTEMAS BLANDOS;V;G;SALAS COZ,  ERWIN ERASMO;T;S4-112;SA;8;10;38;;
SI403;METODOLOGIA DE LOS SISTEMAS BLANDOS;W;G;SALAS CORDERO,  ROCIO GUADALUPE;P;S4-206;LU;16;18;38;;
SI403;METODOLOGIA DE LOS SISTEMAS BLANDOS;W;G;SALAS CORDERO,  ROCIO GUADALUPE;T;S4-206;LU;14;16;38;;
SI405;MODELADO CONCEPTUAL DE DATOS;U;F;REYNA MONTEVERDE,  TINO EDUARDO;P;S4-207;MA;20;22;45;;
SI405;MODELADO CONCEPTUAL DE DATOS;U;F;REYNA MONTEVERDE,  TINO EDUARDO;T;S4-207;MA;18;20;45;;
SI405;MODELADO CONCEPTUAL DE DATOS;V;F;RODRIGUEZ RAFAEL,  GLEN DARIO;P;AUDIOV;LU;20;22;45;;
SI405;MODELADO CONCEPTUAL DE DATOS;V;F;RODRIGUEZ RAFAEL,  GLEN DARIO;T;AUDIOV;LU;18;20;45;;
SI405;MODELADO CONCEPTUAL DE DATOS;W;F;REYNA MONTEVERDE,  TINO EDUARDO;P;S4-201;JU;18;20;45;;
SI405;MODELADO CONCEPTUAL DE DATOS;W;F;REYNA MONTEVERDE,  TINO EDUARDO;T;S4-201;JU;20;22;45;;
SI405;MODELADO CONCEPTUAL DE DATOS;X;F;RODRIGUEZ RAFAEL,  GLEN DARIO;P;AUDIOV;MA;16;18;45;;
SI405;MODELADO CONCEPTUAL DE DATOS;X;F;RODRIGUEZ RAFAEL,  GLEN DARIO;T;AUDIOV;LU;16;18;45;;
SI501;INVESTIGACION DE OPERACIONES I;U;F;CANELO SOTELO,  CÉSAR ALDO;P;S4-105;MA;18;20;45;;
SI501;INVESTIGACION DE OPERACIONES I;U;F;CANELO SOTELO,  CÉSAR ALDO;T;S4-110;MI;16;18;45;;
SI501;INVESTIGACION DE OPERACIONES I;V;F;MEDINA AQUINO,  LUIS FELIPE;P;S4-105;JU;16;18;45;;
SI501;INVESTIGACION DE OPERACIONES I;V;F;MEDINA AQUINO,  LUIS FELIPE;T;S4-110;MA;16;18;45;;
SI501;INVESTIGACION DE OPERACIONES I;W;F;MEDINA AQUINO,  LUIS FELIPE;P;S4-111;JU;18;20;45;;
SI501;INVESTIGACION DE OPERACIONES I;W;F;MEDINA AQUINO,  LUIS FELIPE;T;S4-111;MI;16;18;45;;
SI501;INVESTIGACION DE OPERACIONES I;X;F;OPORTO DIAZ,  SAMUEL ALONSO;P;S4-109;LU;12;14;45;;
SI501;INVESTIGACION DE OPERACIONES I;X;F;OPORTO DIAZ,  SAMUEL ALONSO;T;S4-212;MA;16;18;45;;
SI501;INVESTIGACION DE OPERACIONES I;Y;F;ULFE VEGA,  LUIS ALBERTO;P;S4-105;SA;16;18;45;;
SI501;INVESTIGACION DE OPERACIONES I;Y;F;ULFE VEGA,  LUIS ALBERTO;T;S4-105;SA;14;16;45;;
SI503;INGENIERIA DE PROCESOS;U;F;HUARCAYA JUNES,  ALEJANDRINA NELLY;P;S4-212;LU;12;14;45;;
SI503;INGENIERIA DE PROCESOS;U;F;HUARCAYA JUNES,  ALEJANDRINA NELLY;T;S4-212;LU;10;12;45;;
SI503;INGENIERIA DE PROCESOS;V;F;RIZABAL FLORES,  ELIANA CECILIA;P;S4-201;SA;10;12;45;;
SI503;INGENIERIA DE PROCESOS;V;F;RIZABAL FLORES,  ELIANA CECILIA;T;S4-201;SA;8;10;45;;
SI503;INGENIERIA DE PROCESOS;W;F;MOLINA ESTACIO,  NINOSKA;P;S4-206;VI;20;22;45;;
SI503;INGENIERIA DE PROCESOS;W;F;MOLINA ESTACIO,  NINOSKA;T;S4-206;VI;18;20;45;;
SI503;INGENIERIA DE PROCESOS;X;F;TALAVERANO GARCÍA,  JULIO CESAR;P;S4-205;VI;20;22;45;;
SI503;INGENIERIA DE PROCESOS;X;F;TALAVERANO GARCÍA,  JULIO CESAR;T;S4-205;VI;18;20;45;;
SI505;DISEÑO DE BASE DE DATOS;U;F;REYNA MONTEVERDE,  TINO EDUARDO;P;S4-206;MI;20;22;40;;
SI505;DISEÑO DE BASE DE DATOS;U;F;REYNA MONTEVERDE,  TINO EDUARDO;T;S4-206;MI;18;20;40;;
SI505;DISEÑO DE BASE DE DATOS;V;F;LINAREZ COLOMA,  HUMBERTO VICTOR;P;S4-213;LU;18;20;40;;
SI505;DISEÑO DE BASE DE DATOS;V;F;LINAREZ COLOMA,  HUMBERTO VICTOR;T;S4-213;LU;16;18;40;;
SI505;DISEÑO DE BASE DE DATOS;W;F;LINAREZ COLOMA,  HUMBERTO VICTOR;P;S4-105;VI;10;12;40;;
SI505;DISEÑO DE BASE DE DATOS;W;F;LINAREZ COLOMA,  HUMBERTO VICTOR;T;S4-105;VI;8;10;40;;
SI601;INVESTIGACION DE OPERACIONES II;U;F;CANELO SOTELO,  CÉSAR ALDO;P;S4-109;JU;16;18;44;;
SI601;INVESTIGACION DE OPERACIONES II;U;F;CANELO SOTELO,  CÉSAR ALDO;T;S4-109;MA;16;18;44;;
SI601;INVESTIGACION DE OPERACIONES II;V;F;LUJÁN CAMPOS,  LUIS ALBERTO;P;LAB-O;VI;16;18;44;;
SI601;INVESTIGACION DE OPERACIONES II;V;F;LUJÁN CAMPOS,  LUIS ALBERTO;T;S4-201;LU;16;18;44;;
SI601;INVESTIGACION DE OPERACIONES II;W;F;MEDINA AQUINO,  LUIS FELIPE;P;S4-209;JU;10;12;44;;
SI601;INVESTIGACION DE OPERACIONES II;W;F;MEDINA AQUINO,  LUIS FELIPE;T;S4-209;MA;10;12;44;;
SI601;INVESTIGACION DE OPERACIONES II;X;F;CANELO SOTELO,  CÉSAR ALDO;P;S4-211;JU;18;20;44;;
SI601;INVESTIGACION DE OPERACIONES II;X;F;CANELO SOTELO,  CÉSAR ALDO;T;S4-203;MI;18;20;44;;
SI602;DINAMICA DE SISTEMAS;U;D;MÉNDEZ VALDIVIA,  CELEDONIO;P;S1-126;JU;18;20;32;;
SI602;DINAMICA DE SISTEMAS;U;D;MÉNDEZ VALDIVIA,  CELEDONIO;T;S1-126;JU;16;18;32;;
SI602;DINAMICA DE SISTEMAS;V;D;LLANOS PANDURO,  JORGE DANIEL;P;S2-140;MA;14;16;30;;
SI602;DINAMICA DE SISTEMAS;V;D;LLANOS PANDURO,  JORGE DANIEL;T;S2-140;LU;14;16;30;;
SI602;DINAMICA DE SISTEMAS;W;D;MÉNDEZ VALDIVIA,  CELEDONIO;T;S1-229;LU;14;16;26;;
SI602;DINAMICA DE SISTEMAS;W;D;MÉNDEZ VALDIVIA,  CELEDONIO;T;S1-229;LU;16;18;26;;
SI603;MODELADO DE PROCESOS DE CICLO DE VIDA DE SISTEMAS;U;F;NAVARRO NEYRA,  MIGUEL ANGEL;P;S4-215;LU;20;22;43;;
SI603;MODELADO DE PROCESOS DE CICLO DE VIDA DE SISTEMAS;U;F;NAVARRO NEYRA,  MIGUEL ANGEL;T;S4-215;LU;18;20;43;;
SI603;MODELADO DE PROCESOS DE CICLO DE VIDA DE SISTEMAS;V;F;RODRÍGUEZ ULLOA,  RICARDO AURELIO ;P;S4-211;MI;18;20;43;;
SI603;MODELADO DE PROCESOS DE CICLO DE VIDA DE SISTEMAS;V;F;RODRÍGUEZ ULLOA,  RICARDO AURELIO ;T;S4-211;MI;20;22;43;;
SI604;ANALISIS Y DISEÑO DE SISTEMAS;U;F;ANTAURCO TRUJILLO,  JESÚS WALTER;P;LAB-O;MI;18;20;45;;
SI604;ANALISIS Y DISEÑO DE SISTEMAS;U;F;ANTAURCO TRUJILLO,  JESÚS WALTER;P;LAB-O;MI;20;22;45;;
SI604;ANALISIS Y DISEÑO DE SISTEMAS;U;F;ANTAURCO TRUJILLO,  JESÚS WALTER;T;S4-205;LU;20;22;45;;
SI604;ANALISIS Y DISEÑO DE SISTEMAS;V;F;NAVARRO NEYRA,  MIGUEL ANGEL;P;S1-129;LU;16;18;32;;
SI604;ANALISIS Y DISEÑO DE SISTEMAS;V;F;NAVARRO NEYRA,  MIGUEL ANGEL;P;S1-129;JU;14;16;32;;
SI604;ANALISIS Y DISEÑO DE SISTEMAS;V;F;NAVARRO NEYRA,  MIGUEL ANGEL;T;S1-129;LU;14;16;32;;
SI605;ARQUITECTURA EMPRESARIAL;U;F;ALIAGA VILCHEZ,  TOBIAS ENRIQUE;P;LAB O;VI;20;22;42;;
SI605;ARQUITECTURA EMPRESARIAL;U;F;ALIAGA VILCHEZ,  TOBIAS ENRIQUE;T;S4-203;VI;18;20;42;;
SI605;ARQUITECTURA EMPRESARIAL;V;F;MORI LEON,  NILTON CESAR;P;S4-216;SA;10;12;42;;
SI605;ARQUITECTURA EMPRESARIAL;V;F;MORI LEON,  NILTON CESAR;T;S4-216;SA;8;10;42;;
SI607;ARQUITECTURA COMPUTACIONAL Y REDES;U;F;BORJA ROSALES,  RUBÉN ARTURO;P;LAB-O;JU;14;16;45;;
SI607;ARQUITECTURA COMPUTACIONAL Y REDES;U;F;BORJA ROSALES,  RUBÉN ARTURO;T;LAB-O;LU;14;16;45;;
SI607;ARQUITECTURA COMPUTACIONAL Y REDES;V;F;NN;P;S1-126;VI;14;16;32;;
SI607;ARQUITECTURA COMPUTACIONAL Y REDES;V;F;NN;T;S1-126;MI;14;16;32;;
SI701;MODELADO SISTEMICO Y SIMULACION;U;F;SOTELO VILLENA,  JUAN CARLOS;P;S1-129;LU;20;22;39;;
SI701;MODELADO SISTEMICO Y SIMULACION;U;F;SOTELO VILLENA,  JUAN CARLOS;T;S1-129;LU;18;20;39;;
SI701;MODELADO SISTEMICO Y SIMULACION;V;F;ZULOAGA ROTTA,  LUIS ALBERTO;P;LAB-O;MA;16;18;45;;
SI701;MODELADO SISTEMICO Y SIMULACION;V;F;ZULOAGA ROTTA,  LUIS ALBERTO;T;LAB-O;MA;14;16;45;;
SI701;MODELADO SISTEMICO Y SIMULACION;W;F;TORRE CAMONES,  ANIVAL ALFREDO;P;LAB-O;JU;20;22;45;;
SI701;MODELADO SISTEMICO Y SIMULACION;W;F;TORRE CAMONES,  ANIVAL ALFREDO;T;LAB-O;JU;18;20;45;;
SI701;MODELADO SISTEMICO Y SIMULACION;X;F;TORRE CAMONES,  ANIVAL ALFREDO;P;S1-129;MI;18;20;39;;
SI701;MODELADO SISTEMICO Y SIMULACION;X;F;TORRE CAMONES,  ANIVAL ALFREDO;P;S1-129;MI;20;22;39;;
SI702;TALLER DE DINAMICA DE SISTEMAS;U;D;CORDOVA NERI,  TEODORO LUCIANO;P;S1-226;VI;16;18;26;;
SI702;TALLER DE DINAMICA DE SISTEMAS;U;D;CORDOVA NERI,  TEODORO LUCIANO;P;S1-226;JU;16;18;26;;
SI702;TALLER DE DINAMICA DE SISTEMAS;V;D;MÉNDEZ VALDIVIA,  CELEDONIO;P;S1-229;MI;16;18;26;;
SI702;TALLER DE DINAMICA DE SISTEMAS;V;D;MÉNDEZ VALDIVIA,  CELEDONIO;P;S1-229;MI;18;20;26;;
SI704;GESTION DE LA INGENIERIA DE SISTEMAS;U;F;VALENZUELA POSADAS,  JORGE MARTIN;P;S4-209;JU;20;22;29;;
SI704;GESTION DE LA INGENIERIA DE SISTEMAS;U;F;VALENZUELA POSADAS,  JORGE MARTIN;T;S4-209;JU;18;20;29;;
SI704;GESTION DE LA INGENIERIA DE SISTEMAS;V;F;ESPINOZA FALCON,  LUIS ALBERTO;P;S4-208;JU;20;22;29;;
SI704;GESTION DE LA INGENIERIA DE SISTEMAS;V;F;ESPINOZA FALCON,  LUIS ALBERTO;T;S4-208;JU;18;20;29;;
SI705;ESTANDARES DE LA INGENIERIA DE SISTEMAS;U;F;NAVARRO NEYRA,  MIGUEL ANGEL;P;S1-129;LU;12;14;29;;
SI705;ESTANDARES DE LA INGENIERIA DE SISTEMAS;U;F;NAVARRO NEYRA,  MIGUEL ANGEL;T;S1-129;LU;11;12;29;;
SI705;ESTANDARES DE LA INGENIERIA DE SISTEMAS;V;F;ALIAGA VILCHEZ,  TOBIAS ENRIQUE;P;S4-210;MA;19;21;29;;
SI705;ESTANDARES DE LA INGENIERIA DE SISTEMAS;V;F;ALIAGA VILCHEZ,  TOBIAS ENRIQUE;T;S4-210;MA;18;19;29;;
SI707;INGENIERIA DE SOFTWARE;U;F;SANCHEZ ESPINOZA,  JAVIER CONCEPCIÓN;P;S1-124;VI;20;22;23;;
SI707;INGENIERIA DE SOFTWARE;U;F;SANCHEZ ESPINOZA,  JAVIER CONCEPCIÓN;T;S1-124;VI;18;20;23;;
SI707;INGENIERIA DE SOFTWARE;V;F;COSSA CABANILLAS,  JESUS ALBERTO;P;S1-229;VI;20;22;26;;
SI707;INGENIERIA DE SOFTWARE;V;F;COSSA CABANILLAS,  JESUS ALBERTO;T;S1-229;VI;18;20;26;;
SI801;MODELO DEL SISTEMA VIABLE;U;F;RODRÍGUEZ ULLOA,  RICARDO AURELIO ;P;S4-216;VI;20;22;42;;
SI801;MODELO DEL SISTEMA VIABLE;U;F;RODRÍGUEZ ULLOA,  RICARDO AURELIO ;T;S4-216;VI;18;20;42;;
SI801;MODELO DEL SISTEMA VIABLE;V;F;CANCHANO CARO,  JAVIER TOLENTINO;P;S4-206;MA;20;22;42;;
SI801;MODELO DEL SISTEMA VIABLE;V;F;CANCHANO CARO,  JAVIER TOLENTINO;T;S4-206;MA;18;20;42;;
SI805;INTEGRACION DE SISTEMAS;U;F;HUAPAYA CIRIACO,  ALBERTO JESUS;P;S4-214;SA;10;12;40;;
SI805;INTEGRACION DE SISTEMAS;U;F;HUAPAYA CIRIACO,  ALBERTO JESUS;T;S4-214;SA;8;10;40;;
SI805;INTEGRACION DE SISTEMAS;V;F;ESPINAL LAU,  MIGUEL EDUARDO;T;S4-105;JU;18;20;40;;
SI805;INTEGRACION DE SISTEMAS;V;F;ESPINAL LAU,  MIGUEL EDUARDO;P;S4-105;JU;20;22;40;;
SI806;DESARROLLO ADAPTATIVO E INTEGRADO DEL SW;U;D;JANJACHI TORIBIO,  CARLOS ALBERTO;P;S1-129;SA;14;16;39;;
SI806;DESARROLLO ADAPTATIVO E INTEGRADO DEL SW;U;D;JANJACHI TORIBIO,  CARLOS ALBERTO;P;S1-129;SA;16;18;39;;
SI806;DESARROLLO ADAPTATIVO E INTEGRADO DEL SW;V;D;RAMOS MONTES,  CARLOS NELSON;P;S1-124;LU;18;20;23;;
SI806;DESARROLLO ADAPTATIVO E INTEGRADO DEL SW;V;D;RAMOS MONTES,  CARLOS NELSON;P;S1-124;LU;20;22;23;;
SI807;SISTEMAS DE INTELIGENCIA DE NEGOCIO;U;G;ARADIEL CASTAÑEDA,  HILARIO;P;S1-226;LU;20;22;26;;
SI807;SISTEMAS DE INTELIGENCIA DE NEGOCIO;U;G;ARADIEL CASTAÑEDA,  HILARIO;T;S4-211;LU;18;20;26;;
SI807;SISTEMAS DE INTELIGENCIA DE NEGOCIO;V;G;RAMOS MONTES,  CARLOS NELSON;P;S1-129;MA;20;22;39;;
SI807;SISTEMAS DE INTELIGENCIA DE NEGOCIO;V;G;RAMOS MONTES,  CARLOS NELSON;T;S1-129;MA;18;20;39;;
SI902;INGENIERIA DE SISTEMAS DE SERVICIO;U;F;VELARDE CARPIO,  MANUEL HELARF;P;S4-205;MI;20;22;37;;
SI902;INGENIERIA DE SISTEMAS DE SERVICIO;U;F;VELARDE CARPIO,  MANUEL HELARF;T;S4-205;MI;18;20;37;;
SI902;INGENIERIA DE SISTEMAS DE SERVICIO;V;F;MELGAREJO SOLIS,  RONALD ALFONSO;T;S4-207;MI;14;16;37;;
SI902;INGENIERIA DE SISTEMAS DE SERVICIO;V;F;MELGAREJO SOLIS,  RONALD ALFONSO;P;S4-207;MI;16;18;37;;
SI903;IMPLEMENTACION DE SISTEMAS;U;G;CALIZAYA NEYRA,  PERCY ANGEL;P;S4-111;MI;20;22;30;;
SI903;IMPLEMENTACION DE SISTEMAS;U;G;CALIZAYA NEYRA,  PERCY ANGEL;T;S4-111;MI;19;20;30;;
SI903;IMPLEMENTACION DE SISTEMAS;V;G;MELGAREJO SOLIS,  RONALD ALFONSO;P;S4-111;LU;19;20;30;;
SI903;IMPLEMENTACION DE SISTEMAS;V;G;MELGAREJO SOLIS,  RONALD ALFONSO;T;S4-111;LU;20;22;30;;
SI904;SEGURIDAD DE SISTEMAS;U;F;BRINGAS MASGO,  ISAAC ERNESTO;P;S1-226;JU;20;22;26;;
SI904;SEGURIDAD DE SISTEMAS;U;F;BRINGAS MASGO,  ISAAC ERNESTO;T;S1-226;MA;18;20;26;;
SI904;SEGURIDAD DE SISTEMAS;V;F;NN;P;S1-226;MA;20;22;26;;
SI904;SEGURIDAD DE SISTEMAS;V;F;NN;T;S1-226;JU;18;20;26;;
SI905;TALLER DE PROYECTO DE INVESTIGACION;U;D;UN JAN LIAU HING,  EMILIO ALBERTO;P;S4-205;MA;18;22;35;;
SI905;TALLER DE PROYECTO DE INVESTIGACION;V;D;SOTELO VILLENA,  JUAN CARLOS;P;S4-110;VI;18;22;35;;
SW101;INTRODUCCION A LA INGENIERIA DE SOFTWARE;U;F;ANTAURCO TRUJILLO,  JESÚS WALTER;P;S4-207;SA;10;12;32;;
SW101;INTRODUCCION A LA INGENIERIA DE SOFTWARE;U;F;ANTAURCO TRUJILLO,  JESÚS WALTER;T;S4-207;SA;8;10;32;;
SW101;INTRODUCCION A LA INGENIERIA DE SOFTWARE;V;F;SANCHEZ ESPINOZA,  JAVIER CONCEPCIÓN;T;S4-109;LU;16;18;32;;
SW101;INTRODUCCION A LA INGENIERIA DE SOFTWARE;V;F;SANCHEZ ESPINOZA,  JAVIER CONCEPCIÓN;P;S1-126;MI;16;18;32;;
SW119;PRINCIPIOS DE UX/UI;U;F;NN;T;S1-327;JU;18;20;23;;
SW119;PRINCIPIOS DE UX/UI;U;F;NN;P;S1-327;JU;20;22;23;;
SW301;ARQUITECTURA DE COMPUTADORAS I;U;G;LEIVA POVIS, JORGE ZENON;T;LAB-O;SA;13;14;48;;
SW301;ARQUITECTURA DE COMPUTADORAS I;U;G;LEIVA POVIS, JORGE ZENON;P;LAB-O;SA;14;16;48;;
SW303;LENGUAJES DE PROGRAMACION I (IMPERATIVO);U;F;HERENCIA GUERRA JUAN LUIS;T;LAB-O;LU;16;18;46;;
SW303;LENGUAJES DE PROGRAMACION I (IMPERATIVO);U;F;HERENCIA GUERRA JUAN LUIS;P;LAB-O;LU;18;20;46;;
SW303;LENGUAJES DE PROGRAMACION I (IMPERATIVO);U;F;HERENCIA GUERRA JUAN LUIS;P;LAB-O;LU;20;22;46;;
SW305;ALGORITMIA Y ESTRUCTURA DE DATOS AVANZADA;U;F;AUDANTE RAMOS,  NESTOR RAFAEL;P;LAB-O;SA;11;13;48;;
SW305;ALGORITMIA Y ESTRUCTURA DE DATOS AVANZADA;U;F;AUDANTE RAMOS,  NESTOR RAFAEL;T;LAB-O;MA;20;22;48;;
SW403;LENGUAJE DE PROGRAMACION II (ORIENTADA A OBJETOS);U;F;CISNEROS NAPRAVNIK, JAN EEDUARDO;P;S1-229;JU;14;16;26;;
SW403;LENGUAJE DE PROGRAMACION II (ORIENTADA A OBJETOS);U;F;CISNEROS NAPRAVNIK, JAN EEDUARDO;T;S1-229;MA;14;16;26;;
SW403;LENGUAJE DE PROGRAMACION II (ORIENTADA A OBJETOS);U;F;CISNEROS NAPRAVNIK, JAN EEDUARDO;T;S1-229;MA;16;18;26;;
SW405;INGENIERIA DE REQUERIMIENTOS I;U;F;RAMOS MUÑOZ, ALFREDO MARINO;P;S1-229;MI;12;14;26;;
SW405;INGENIERIA DE REQUERIMIENTOS I;U;F;RAMOS MUÑOZ, ALFREDO MARINO;T;S1-229;MI;10;12;26;;
SW407;SISTEMAS OPERATIVOS;U;G;RAMOS MONTES,  CARLOS NELSON;P;S1-126;LU;16;18;32;;
SW407;SISTEMAS OPERATIVOS;U;G;RAMOS MONTES,  CARLOS NELSON;T;S1-126;LU;14;16;32;;
SW501;ARQUITECTURA DE COMPUTADORAS II;U;G;LEIVA POVIS, JORGE ZENON;P;S1-129;SA;10;12;39;;
SW501;ARQUITECTURA DE COMPUTADORAS II;U;G;LEIVA POVIS, JORGE ZENON;T;S1-129;SA;8;10;39;;
SW503;ANALISIS Y MODELAMIENTO DE COMPORTAMIENTO;U;F;JANJACHI TORIBIO,  CARLOS ALBERTO;T;S1-126;LU;20;22;32;;
SW503;ANALISIS Y MODELAMIENTO DE COMPORTAMIENTO;U;F;JANJACHI TORIBIO,  CARLOS ALBERTO;P;S1-129;VI;18;20;32;;
SW503;ANALISIS Y MODELAMIENTO DE COMPORTAMIENTO;U;F;JANJACHI TORIBIO,  CARLOS ALBERTO;P;S1-129;VI;20;22;32;;
SW505;CONSTRUCCION DE SOFTWARE I (FUNDAMENTOS, PRACTICAS);U;D;HERENCIA GUERRA JUAN LUIS;P;S1-129;JU;18;22;39;;
SW505;CONSTRUCCION DE SOFTWARE I (FUNDAMENTOS, PRACTICAS);U;D;HERENCIA GUERRA JUAN LUIS;T;S1-129;JU;16;18;39;;
SW507;REDES Y COMUNICACIONES;U;F;CANALES ARIAS, FELIX GASPAR;P;S1-126;SA;14;16;32;;
SW507;REDES Y COMUNICACIONES;U;F;CANALES ARIAS, FELIX GASPAR;T;S1-126;SA;12;14;32;;
SW-603;DISEÑO DE SOFTWARE;U;D;CABALLERO ORTIZ, JOSE ALBERTO;P;S1-327;LU;18;20;23;;
SW-603;DISEÑO DE SOFTWARE;U;D;CABALLERO ORTIZ, JOSE ALBERTO;T;S1-327;LU;16;18;23;;
SW605 ;INGENIERIA DE REQUERIMIENTOS II;U;F;RAMOS MUÑOZ, ALFREDO MARINO;P;S1-327;MI;18;20;23;;
SW605 ;INGENIERIA DE REQUERIMIENTOS II;U;F;RAMOS MUÑOZ, ALFREDO MARINO;T;S1-327;MI;16;18;23;;
SW-608;LENGUAJE DE DOMINIO ESPECIFICO;U;F;NN;P;S1-327;MA;18;20;23;;
SW-608;LENGUAJE DE DOMINIO ESPECIFICO;U;F;NN;P;S1-327;MA;20;22;23;;
SW-608;LENGUAJE DE DOMINIO ESPECIFICO;U;F;NN;T;S1-327;LU;20;22;23;;
SW-609;SISTEMAS DE GESTION DE BASE DE DATOS;U;G;CORONEL CASTILLO,  ERIC GUSTAVO;P;S1-327;JU;10;12;23;;
SW-609;SISTEMAS DE GESTION DE BASE DE DATOS;U;G;CORONEL CASTILLO,  ERIC GUSTAVO;P;S1-327;JU;12;14;23;;
SW-609;SISTEMAS DE GESTION DE BASE DE DATOS;U;G;CORONEL CASTILLO,  ERIC GUSTAVO;T;S1-327;JU;8;10;23;;
TE101;DIBUJO DE INGENIERIA;U;D;CALLO MOSCOSO, LUIS ALBERTO;P;S4-209;VI;14;16;35;;
TE101;DIBUJO DE INGENIERIA;U;D;CALLO MOSCOSO, LUIS ALBERTO;P;S4-209;SA;8;10;35;;
TE101;DIBUJO DE INGENIERIA;V;D;CALLO MOSCOSO, LUIS ALBERTO;P;S4-211;VI;16;18;35;;
TE101;DIBUJO DE INGENIERIA;V;D;CALLO MOSCOSO, LUIS ALBERTO;P;S4-209;SA;12;14;35;;
TE101;DIBUJO DE INGENIERIA;W;D;MONCADA CAJAVILCA, VICTOR JOSÉ;P;S4-209;LU;16;18;35;;
TE101;DIBUJO DE INGENIERIA;W;D;MONCADA CAJAVILCA, VICTOR JOSÉ;P;S4-201;VI;14;16;35;;
TE111;INNOVACION Y GESTION TECNOLOGICA;U;G;VILCAPOMA ESCURRA, EDGAR SOCRATES;P;S4-206;JU;20;22;30;;
TE111;INNOVACION Y GESTION TECNOLOGICA;U;G;VILCAPOMA ESCURRA, EDGAR SOCRATES;T;S4-206;JU;18;20;30;;
TE121;ERGONOMIA;U;F;KRAJNIK STULIN, FRANCO LUCIANO;P;S4-111;JU;14;16;30;;
TE121;ERGONOMIA;U;F;KRAJNIK STULIN, FRANCO LUCIANO;T;S4-203;MA;14;16;30;;
TE122;PROCESOS AGROINDUSTRIALES;U;F;PARRA OSORIO, HERNAN JULIO;P;S4-208;VI;16;18;30;;
TE122;PROCESOS AGROINDUSTRIALES;U;F;PARRA OSORIO, HERNAN JULIO;T;S4-214;MI;16;18;30;;
TE124;GESTION DE LA ENERGIA;U;F;POMA GARCÍA , JOSÉ ANTONIO;P;S1-129;MI;16;18;39;;
TE124;GESTION DE LA ENERGIA;U;F;POMA GARCÍA , JOSÉ ANTONIO;T;S1-129;MA;16;18;39;;
TE126;GESTION DEL MANTENIMIENTO;U;F;VALDIVIA CAMACHO, GLORIA  ESTHER;P;S4-105;MI;20;22;30;;
TE126;GESTION DEL MANTENIMIENTO;U;F;VALDIVIA CAMACHO, GLORIA  ESTHER;T;S4-112;LU;20;22;30;;
TE205;DIBUJO Y GEOMETRIA DESCRIPTIVA;U;D;CALLO MOSCOSO, LUIS ALBERTO;P;S4-209;SA;10;12;40;;
TE205;DIBUJO Y GEOMETRIA DESCRIPTIVA;U;D;CALLO MOSCOSO, LUIS ALBERTO;P;S4-211;VI;18;20;40;;
TE301;FISICO QUIMICA Y OPERACIONES UNITARIAS;U;F;PARRA OSORIO, HERNAN JULIO;P;S4-204;LU;10;12;40;;
TE301;FISICO QUIMICA Y OPERACIONES UNITARIAS;U;F;PARRA OSORIO, HERNAN JULIO;T;S4-109;MI;8;11;40;;
TE301;FISICO QUIMICA Y OPERACIONES UNITARIAS;V;F;VALENZUELA GONZALEZ, ERIK OMAR;P;S4-111;LU;8;10;40;;
TE301;FISICO QUIMICA Y OPERACIONES UNITARIAS;V;F;VALENZUELA GONZALEZ, ERIK OMAR;T;S4-109;MI;14;17;40;;
TE302;DISEÑO ASISTIDO POR COMPUTADOR;U;D;MUÑOZ INGA, CARLOS  ;P;S1-126;MI;18;20;32;;
TE302;DISEÑO ASISTIDO POR COMPUTADOR;U;D;MUÑOZ INGA, CARLOS  ;T;S1-126;LU;18;20;32;;
TE302;DISEÑO ASISTIDO POR COMPUTADOR;V;D;MONCADA CAJAVILCA, VICTOR JOSÉ;P;S1-226;VI;18;20;26;;
TE302;DISEÑO ASISTIDO POR COMPUTADOR;V;D;CIEZA DE LEÓN TUESTA, EDUARDO JOSÉ;T;S1-226;LU;16;18;26;;
TE302;DISEÑO ASISTIDO POR COMPUTADOR;W;D;CIEZA DE LEÓN TUESTA, EDUARDO JOSÉ;P;S1-226;MI;20;22;26;;
TE302;DISEÑO ASISTIDO POR COMPUTADOR;W;D;CIEZA DE LEÓN TUESTA, EDUARDO JOSÉ;T;S1-226;MI;18;20;26;;
TE401;TERMODINAMICA;U;F;TARAZONA PONTE, SANTIAGO  ;P;S4-201;MA;12;14;35;;
TE401;TERMODINAMICA;U;F;TARAZONA PONTE, SANTIAGO  ;T;S4-201;MI;10;12;35;;
TE401;TERMODINAMICA;V;F;CHAFLOQUE ELIAS, CARLOS ALBERTO;P;S4-201;VI;8;10;35;;
TE401;TERMODINAMICA;V;F;CHAFLOQUE ELIAS, CARLOS ALBERTO;T;S4-201;MI;8;10;35;;
TE501;ELECTRICIDAD Y ELECTRONICA INDUSTRIAL;U;F;TARAZONA PONTE, SANTIAGO  ;P;S4-201;LU;14;16;40;;
TE501;ELECTRICIDAD Y ELECTRONICA INDUSTRIAL;U;F;TARAZONA PONTE, SANTIAGO  ;T;S4-201;MA;8;11;40;;
TE501;ELECTRICIDAD Y ELECTRONICA INDUSTRIAL;V;F;BENITES YARLEQUÉ, JOSÉ VALERIO;P;S4-109;MA;12;14;40;;
TE501;ELECTRICIDAD Y ELECTRONICA INDUSTRIAL;V;F;BENITES YARLEQUÉ, JOSÉ VALERIO;T;S4-111;VI;18;21;40;;
TE503;PROCESOS INDUSTRIALES I;U;F;RONDINEL PINEDA, PETRA ELINE;P;S4-203;VI;8;12;40;;
TE503;PROCESOS INDUSTRIALES I;U;F;PARRA OSORIO, HERNAN JULIO;T;S4-105;LU;8;10;40;;
TE503;PROCESOS INDUSTRIALES I;V;F;OSORIO MARUJO, BILMA ELIZABETH;P;S4-111;MI;8;12;40;;
TE503;PROCESOS INDUSTRIALES I;V;F;OSORIO MARUJO, BILMA ELIZABETH;T;S4-111;VI;10;12;40;;
TE601;INGENIERIA DE MATERIALES;U;F;CRUZ FIGUEROA, GUILLERMO ROLDAN;P;S4-110;MI;12;14;25;;
TE601;INGENIERIA DE MATERIALES;U;F;CRUZ FIGUEROA, GUILLERMO ROLDAN;T;S4-111;MA;14;16;25;;
TE601;INGENIERIA DE MATERIALES;V;F;AGUERO MAURICIO, ALFREDO ROLANDO;P;S4-110;VI;12;14;25;;
TE601;INGENIERIA DE MATERIALES;V;F;AGUERO MAURICIO, ALFREDO ROLANDO;T;S4-109;MI;12;14;25;;
TE601;INGENIERIA DE MATERIALES;W;F;CRUZ FIGUEROA, GUILLERMO ROLDAN;P;S4-110;JU;12;14;25;;
TE601;INGENIERIA DE MATERIALES;W;F;CRUZ FIGUEROA, GUILLERMO ROLDAN;T;S4-111;MA;12;14;25;;
TE602;PROCESOS INDUSTRIALES II;U;F;MUÑOZ INGA, CARLOS  ;P;S4-109;MI;20;22;27;;
TE602;PROCESOS INDUSTRIALES II;U;F;MUÑOZ INGA, CARLOS  ;T;S4-109;JU;20;22;27;;
TE602;PROCESOS INDUSTRIALES II;V;F;CRUZ FIGUEROA, GUILLERMO ROLDAN;P;S4-112;JU;14;16;27;;
TE602;PROCESOS INDUSTRIALES II;V;F;CRUZ FIGUEROA, GUILLERMO ROLDAN;T;S4-105;MI;14;16;27;;
TE602;PROCESOS INDUSTRIALES II;W;F;AGUERO MAURICIO, ALFREDO ROLANDO;P;S4-207;VI;14;16;27;;
TE602;PROCESOS INDUSTRIALES II;W;F;AGUERO MAURICIO, ALFREDO ROLANDO;T;S4-110;JU;14;16;27;;
TE603;CONTROL ESTADISTICO DE PROCESOS;U;F;LAU CARRILLO, CARMEN IVONNE;P;S4-111;LU;12;14;45;;
TE603;CONTROL ESTADISTICO DE PROCESOS;U;F;LAU CARRILLO, CARMEN IVONNE;T;S4-111;VI;12;14;45;;
TE603;CONTROL ESTADISTICO DE PROCESOS;V;F;ZARATE FLORES, MARCEL DARIO;P;S4-206;SA;10;12;45;;
TE603;CONTROL ESTADISTICO DE PROCESOS;V;F;ZARATE FLORES, MARCEL DARIO;T;S4-206;SA;8;10;45;;
TE604;MAQUINARIA E INSTRUMENTACION INDUSTRIAL;U;F;ZUÑIGA MERCADO, ANTONIO  ;P;AUTOMAT;MI;14;16;32;;
TE604;MAQUINARIA E INSTRUMENTACION INDUSTRIAL;U;F;ZUÑIGA MERCADO, ANTONIO  ;T;AUTOMAT;MA;14;16;32;;
TE604;MAQUINARIA E INSTRUMENTACION INDUSTRIAL;V;F;NN NN, NN NN;P;AUTOMAT;MI;20;22;32;;
TE604;MAQUINARIA E INSTRUMENTACION INDUSTRIAL;V;F;NN NN, NN NN;T;AUTOMAT;MI;18;20;32;;
TE604;MAQUINARIA E INSTRUMENTACION INDUSTRIAL;W;F;NN NN, NN NN;T;AUTOMAT;LU;14;16;32;;
TE604;MAQUINARIA E INSTRUMENTACION INDUSTRIAL;W;F;NN NN, NN NN;P;AUTOMAT;MA;20;22;32;;
TE701;ANALISIS DE PROCESOS DE MANUFACTURA;U;F;AGUERO MAURICIO, ALFREDO ROLANDO;P;S4-208;LU;18;20;37;;
TE701;ANALISIS DE PROCESOS DE MANUFACTURA;U;F;AGUERO MAURICIO, ALFREDO ROLANDO;T;S4-208;JU;16;18;37;;
TE701;ANALISIS DE PROCESOS DE MANUFACTURA;V;F;GARCIA CORZO, JUAN CARLOS;T;S4-204;MI;18;20;37;;
TE701;ANALISIS DE PROCESOS DE MANUFACTURA;V;F;GARCIA CORZO, JUAN CARLOS;P;S4-204;MI;20;22;37;;
TE801;AUTOMATIZACION Y CONTROL DE PROCESOS;U;F;MUÑOZ INGA, CARLOS  ;P;AUTOMAT;LU;20;22;25;;
TE801;AUTOMATIZACION Y CONTROL DE PROCESOS;U;F;MUÑOZ INGA, CARLOS  ;T;AUTOMAT;JU;18;20;25;;
TE801;AUTOMATIZACION Y CONTROL DE PROCESOS;V;F;ZUÑIGA MERCADO, ANTONIO  ;P;AUTOMAT;LU;18;20;25;;
TE801;AUTOMATIZACION Y CONTROL DE PROCESOS;V;F;ZUÑIGA MERCADO, ANTONIO  ;T;AUTOMAT;LU;16;18;25;;
TE801;AUTOMATIZACION Y CONTROL DE PROCESOS;W;F;ZUÑIGA MERCADO, ANTONIO  ;P;AUTOMAT;MA;18;20;25;;
TE801;AUTOMATIZACION Y CONTROL DE PROCESOS;W;F;ZUÑIGA MERCADO, ANTONIO  ;T;AUTOMAT;MA;16;18;25;;
TE802;INGENIERIA DEL PRODUCTO;U;F;CIEZA DE LEÓN TUESTA, EDUARDO JOSÉ;P;S1-229;LU;20;22;26;;
TE802;INGENIERIA DEL PRODUCTO;U;F;CIEZA DE LEÓN TUESTA, EDUARDO JOSÉ;T;S4-214;LU;18;20;26;;
TE802;INGENIERIA DEL PRODUCTO;V;F;MONCADA CAJAVILCA, VICTOR JOSÉ;P;S1-126;VI;16;18;32;;
TE802;INGENIERIA DEL PRODUCTO;V;F;NN NN, NN NN;T;S4-109;SA;16;18;32;;
TE803;SISTEMAS INTEGRADOS DE CALIDAD;U;F;KRAJNIK STULIN, FRANCO LUCIANO;P;S4-209;JU;16;18;35;;
TE803;SISTEMAS INTEGRADOS DE CALIDAD;U;F;KRAJNIK STULIN, FRANCO LUCIANO;T;S4-209;MA;16;18;35;;
TE803;SISTEMAS INTEGRADOS DE CALIDAD;V;F;EGÚZQUIZA FIGUEROA, MARÍA ENERINA;P;S4-202;JU;16;18;35;;
TE803;SISTEMAS INTEGRADOS DE CALIDAD;V;F;EGÚZQUIZA FIGUEROA, MARÍA ENERINA;T;S4-202;MA;16;18;35;;
TE901;SEGURIDAD Y SALUD OCUPACIONAL;U;F;ROBLES LAYNES, JOSE LUIS;T;S4-204;SA;8;10;35;;
TE901;SEGURIDAD Y SALUD OCUPACIONAL;U;F;ROBLES LAYNES, JOSE LUIS;P;S4-204;SA;10;12;35;;
TE901;SEGURIDAD Y SALUD OCUPACIONAL;V;F;GARCIA CORZO, JUAN CARLOS;P;S4-105;SA;20;22;35;;
TE901;SEGURIDAD Y SALUD OCUPACIONAL;V;F;GARCIA CORZO, JUAN CARLOS;T;S4-105;SA;18;20;35;;
